job_id,first_seen,last_seen,times_seen
sample-00000,2026-03-26,2026-03-26,1
sample-00001,2026-06-16,2026-07-09,2
sample-00002,2026-06-01,2026-06-01,1
sample-00003,2026-05-07,2026-05-07,1
sample-00004,2026-05-06,2026-05-06,1
sample-00005,2026-06-26,2026-06-26,1
sample-00006,2026-03-26,2026-03-26,1
sample-00007,2026-06-06,2026-07-17,3
sample-00008,2026-04-08,2026-04-08,1
sample-00009,2026-03-27,2026-05-08,4
sample-00010,2026-05-17,2026-06-16,3
sample-00011,2026-07-10,2026-07-10,1
sample-00012,2026-06-11,2026-06-11,1
sample-00013,2026-06-14,2026-07-23,3
sample-00014,2026-06-09,2026-06-09,1
sample-00015,2026-06-17,2026-07-10,4
sample-00016,2026-05-16,2026-05-16,1
sample-00017,2026-03-31,2026-04-10,2
sample-00018,2026-06-23,2026-06-23,1
sample-00019,2026-05-08,2026-05-28,2
sample-00020,2026-05-14,2026-05-14,1
sample-00021,2026-04-29,2026-04-29,1
sample-00022,2026-04-06,2026-05-09,2
sample-00023,2026-07-04,2026-07-04,1
sample-00024,2026-06-17,2026-08-08,4
sample-00025,2026-05-31,2026-05-31,1
sample-00026,2026-05-02,2026-06-11,2
sample-00027,2026-06-21,2026-06-21,1
sample-00028,2026-05-19,2026-05-19,1
sample-00029,2026-05-07,2026-05-07,1
sample-00030,2026-05-08,2026-06-17,4
sample-00031,2026-04-12,2026-04-12,1
sample-00032,2026-03-26,2026-03-26,1
sample-00033,2026-05-20,2026-05-20,1
sample-00034,2026-06-29,2026-06-29,1
sample-00035,2026-03-23,2026-03-23,1
sample-00036,2026-06-26,2026-07-31,4
sample-00037,2026-06-22,2026-06-22,1
sample-00038,2026-04-17,2026-04-17,1
sample-00039,2026-05-30,2026-05-30,1
sample-00040,2026-04-04,2026-04-04,1
sample-00041,2026-06-14,2026-06-14,1
sample-00042,2026-06-07,2026-06-07,1
sample-00043,2026-04-27,2026-05-26,4
sample-00044,2026-03-24,2026-04-19,2
sample-00045,2026-07-09,2026-08-22,3
sample-00046,2026-05-08,2026-05-08,1
sample-00047,2026-06-30,2026-06-30,1
sample-00048,2026-06-04,2026-07-04,4
sample-00049,2026-06-16,2026-06-16,1
sample-00050,2026-06-14,2026-06-14,1
sample-00051,2026-04-08,2026-04-08,1
sample-00052,2026-04-28,2026-06-08,3
sample-00053,2026-05-10,2026-05-10,1
sample-00054,2026-05-14,2026-05-14,1
sample-00055,2026-03-21,2026-03-21,1
sample-00056,2026-05-20,2026-06-16,4
sample-00057,2026-04-03,2026-04-03,1
sample-00058,2026-06-12,2026-08-07,3
sample-00059,2026-06-05,2026-07-03,2
sample-00060,2026-07-03,2026-07-03,1
sample-00061,2026-06-12,2026-08-07,4
sample-00062,2026-04-28,2026-04-28,1
sample-00063,2026-07-09,2026-07-09,1
sample-00064,2026-05-03,2026-06-08,3
sample-00065,2026-04-23,2026-04-23,1
sample-00066,2026-07-01,2026-07-27,5
sample-00067,2026-04-29,2026-04-29,1
sample-00068,2026-03-25,2026-03-25,1
sample-00069,2026-05-10,2026-05-13,3
sample-00070,2026-06-18,2026-06-18,1
sample-00071,2026-04-07,2026-05-04,3
sample-00072,2026-05-10,2026-05-10,1
sample-00073,2026-03-31,2026-03-31,1
sample-00074,2026-06-05,2026-06-05,1
sample-00075,2026-05-11,2026-05-11,1
sample-00076,2026-04-24,2026-04-24,1
sample-00077,2026-04-12,2026-04-12,1
sample-00078,2026-05-22,2026-05-22,1
sample-00079,2026-06-03,2026-06-03,1
sample-00080,2026-07-05,2026-08-03,2
sample-00081,2026-05-07,2026-05-07,1
sample-00082,2026-04-04,2026-06-01,4
sample-00083,2026-06-23,2026-06-23,1
sample-00084,2026-05-29,2026-07-17,2
sample-00085,2026-06-07,2026-06-07,1
sample-00086,2026-03-27,2026-03-27,1
sample-00087,2026-04-22,2026-04-22,1
sample-00088,2026-06-15,2026-06-15,1
sample-00089,2026-06-23,2026-06-23,1
sample-00090,2026-05-06,2026-06-15,5
sample-00091,2026-06-19,2026-06-19,1
sample-00092,2026-06-24,2026-06-24,1
sample-00093,2026-05-01,2026-06-16,2
sample-00094,2026-06-30,2026-06-30,1
sample-00095,2026-04-19,2026-05-30,5
sample-00096,2026-04-13,2026-05-05,5
sample-00097,2026-06-05,2026-07-19,3
sample-00098,2026-05-30,2026-05-30,1
sample-00099,2026-04-01,2026-04-01,1
sample-00100,2026-06-23,2026-06-23,1
sample-00101,2026-04-08,2026-04-08,1
sample-00102,2026-06-19,2026-06-19,1
sample-00103,2026-03-16,2026-03-16,1
sample-00104,2026-06-18,2026-07-25,4
sample-00105,2026-06-17,2026-08-15,3
sample-00106,2026-06-16,2026-06-16,1
sample-00107,2026-06-03,2026-06-03,1
sample-00108,2026-05-11,2026-06-01,4
sample-00109,2026-06-07,2026-06-29,3
sample-00110,2026-04-17,2026-04-17,1
sample-00111,2026-06-16,2026-07-12,5
sample-00112,2026-05-21,2026-05-21,1
sample-00113,2026-05-09,2026-05-09,1
sample-00114,2026-05-15,2026-05-15,1
sample-00115,2026-05-22,2026-05-22,1
sample-00116,2026-03-20,2026-03-20,1
sample-00117,2026-04-01,2026-04-01,1
sample-00118,2026-04-14,2026-04-14,1
sample-00119,2026-03-29,2026-03-29,1
sample-00120,2026-05-07,2026-05-07,1
sample-00121,2026-06-03,2026-06-03,1
sample-00122,2026-06-01,2026-07-15,2
sample-00123,2026-05-11,2026-05-11,1
sample-00124,2026-06-25,2026-07-22,3
sample-00125,2026-05-22,2026-05-22,1
sample-00126,2026-03-25,2026-03-25,1
sample-00127,2026-06-15,2026-06-15,1
sample-00128,2026-05-23,2026-06-19,3
sample-00129,2026-05-30,2026-05-30,1
sample-00130,2026-05-22,2026-06-29,5
sample-00131,2026-05-20,2026-05-20,1
sample-00132,2026-03-26,2026-03-26,1
sample-00133,2026-05-21,2026-05-21,1
sample-00134,2026-06-18,2026-06-18,1
sample-00135,2026-04-21,2026-04-21,1
sample-00136,2026-05-26,2026-06-09,2
sample-00137,2026-03-19,2026-03-19,1
sample-00138,2026-04-26,2026-04-26,1
sample-00139,2026-05-06,2026-05-06,1
sample-00140,2026-07-10,2026-07-10,1
sample-00141,2026-04-10,2026-04-10,1
sample-00142,2026-04-17,2026-04-17,1
sample-00143,2026-05-03,2026-05-03,1
sample-00144,2026-07-12,2026-07-12,1
sample-00145,2026-06-25,2026-06-25,1
sample-00146,2026-03-20,2026-03-20,1
sample-00147,2026-04-12,2026-04-12,1
sample-00148,2026-06-21,2026-06-21,1
sample-00149,2026-03-22,2026-03-22,1
sample-00150,2026-06-25,2026-08-10,5
sample-00151,2026-04-18,2026-04-18,1
sample-00152,2026-07-03,2026-07-03,1
sample-00153,2026-04-19,2026-04-19,1
sample-00154,2026-05-06,2026-06-17,2
sample-00155,2026-06-02,2026-06-02,1
sample-00156,2026-03-31,2026-05-02,2
sample-00157,2026-05-21,2026-06-17,3
sample-00158,2026-05-15,2026-05-15,1
sample-00159,2026-06-17,2026-07-10,4
sample-00160,2026-07-12,2026-07-12,1
sample-00161,2026-06-03,2026-06-03,1
sample-00162,2026-05-03,2026-05-03,1
sample-00163,2026-05-03,2026-05-03,1
sample-00164,2026-05-04,2026-05-04,1
sample-00165,2026-06-20,2026-07-31,3
sample-00166,2026-04-23,2026-04-23,1
sample-00167,2026-04-04,2026-04-04,1
sample-00168,2026-04-24,2026-04-24,1
sample-00169,2026-03-18,2026-03-18,1
sample-00170,2026-03-28,2026-05-18,4
sample-00171,2026-03-26,2026-05-09,4
sample-00172,2026-06-15,2026-06-15,1
sample-00173,2026-06-09,2026-06-09,1
sample-00174,2026-06-06,2026-06-29,3
sample-00175,2026-05-09,2026-05-09,1
sample-00176,2026-06-09,2026-06-09,1
sample-00177,2026-04-04,2026-04-04,1
sample-00178,2026-07-01,2026-07-01,1
sample-00179,2026-05-14,2026-05-14,1
sample-00180,2026-07-05,2026-07-05,1
sample-00181,2026-04-03,2026-04-03,1
sample-00182,2026-05-14,2026-05-14,1
sample-00183,2026-06-06,2026-07-02,5
sample-00184,2026-05-13,2026-06-08,4
sample-00185,2026-05-08,2026-05-08,1
sample-00186,2026-04-04,2026-04-15,2
sample-00187,2026-04-30,2026-06-12,4
sample-00188,2026-04-13,2026-04-13,1
sample-00189,2026-04-20,2026-05-09,4
sample-00190,2026-06-05,2026-06-05,1
sample-00191,2026-05-30,2026-05-30,1
sample-00192,2026-05-27,2026-05-27,1
sample-00193,2026-04-28,2026-06-03,5
sample-00194,2026-07-08,2026-07-08,1
sample-00195,2026-03-26,2026-03-26,1
sample-00196,2026-04-25,2026-06-24,3
sample-00197,2026-03-30,2026-03-31,2
sample-00198,2026-04-25,2026-04-25,1
sample-00199,2026-07-08,2026-07-08,1
sample-00200,2026-04-28,2026-04-28,1
sample-00201,2026-07-02,2026-07-02,1
sample-00202,2026-05-13,2026-05-13,1
sample-00203,2026-06-07,2026-07-15,2
sample-00204,2026-05-09,2026-05-09,1
sample-00205,2026-04-16,2026-04-16,1
sample-00206,2026-06-14,2026-06-14,1
sample-00207,2026-07-09,2026-07-09,1
sample-00208,2026-04-16,2026-04-16,1
sample-00209,2026-06-16,2026-06-16,1
sample-00210,2026-04-16,2026-05-18,4
sample-00211,2026-06-09,2026-06-22,5
sample-00212,2026-06-17,2026-06-17,1
sample-00213,2026-05-08,2026-05-08,1
sample-00214,2026-06-11,2026-07-12,2
sample-00215,2026-04-17,2026-04-17,1
sample-00216,2026-03-25,2026-03-25,1
sample-00217,2026-03-27,2026-04-30,3
sample-00218,2026-05-08,2026-05-08,1
sample-00219,2026-07-01,2026-08-07,4
sample-00220,2026-03-31,2026-03-31,1
sample-00221,2026-05-09,2026-05-09,1
sample-00222,2026-06-07,2026-06-07,1
sample-00223,2026-04-09,2026-04-09,1
sample-00224,2026-06-09,2026-06-09,1
sample-00225,2026-04-21,2026-04-21,1
sample-00226,2026-06-20,2026-06-20,1
sample-00227,2026-05-23,2026-05-23,1
sample-00228,2026-05-20,2026-05-20,1
sample-00229,2026-04-06,2026-04-06,1
sample-00230,2026-05-10,2026-05-10,1
sample-00231,2026-06-25,2026-06-25,1
sample-00232,2026-03-18,2026-03-18,1
sample-00233,2026-06-14,2026-07-13,5
sample-00234,2026-05-13,2026-05-13,1
sample-00235,2026-06-09,2026-06-09,1
sample-00236,2026-06-02,2026-07-04,4
sample-00237,2026-05-06,2026-05-06,1
sample-00238,2026-04-21,2026-04-21,1
sample-00239,2026-05-29,2026-05-29,1
sample-00240,2026-04-01,2026-04-01,1
sample-00241,2026-05-24,2026-05-24,1
sample-00242,2026-03-27,2026-04-26,2
sample-00243,2026-06-01,2026-07-20,5
sample-00244,2026-05-29,2026-07-02,5
sample-00245,2026-03-26,2026-04-03,5
sample-00246,2026-06-14,2026-06-14,1
sample-00247,2026-05-04,2026-05-04,1
sample-00248,2026-06-17,2026-07-20,3
sample-00249,2026-03-20,2026-03-20,1
sample-00250,2026-04-06,2026-04-06,1
sample-00251,2026-05-13,2026-05-13,1
sample-00252,2026-04-07,2026-04-07,1
sample-00253,2026-04-24,2026-04-24,1
sample-00254,2026-06-02,2026-06-02,1
sample-00255,2026-04-02,2026-04-02,1
sample-00256,2026-06-04,2026-06-04,1
sample-00257,2026-03-28,2026-03-28,1
sample-00258,2026-04-05,2026-04-05,1
sample-00259,2026-05-24,2026-07-03,3
sample-00260,2026-06-18,2026-06-18,1
sample-00261,2026-04-05,2026-04-05,1
sample-00262,2026-04-20,2026-04-20,1
sample-00263,2026-07-04,2026-07-04,1
sample-00264,2026-07-11,2026-09-03,3
sample-00265,2026-05-24,2026-05-24,1
sample-00266,2026-05-08,2026-06-10,2
sample-00267,2026-04-26,2026-04-26,1
sample-00268,2026-05-27,2026-05-27,1
sample-00269,2026-05-25,2026-05-25,1
sample-00270,2026-04-20,2026-05-01,5
sample-00271,2026-03-18,2026-03-18,1
sample-00272,2026-04-03,2026-04-03,1
sample-00273,2026-07-08,2026-07-27,4
sample-00274,2026-05-04,2026-05-04,1
sample-00275,2026-05-12,2026-05-12,1
sample-00276,2026-05-10,2026-05-10,1
sample-00277,2026-06-17,2026-06-17,1
sample-00278,2026-03-23,2026-03-23,1
sample-00279,2026-03-25,2026-03-25,1
sample-00280,2026-04-17,2026-04-17,1
sample-00281,2026-05-12,2026-05-12,1
sample-00282,2026-06-03,2026-06-03,1
sample-00283,2026-05-13,2026-05-13,1
sample-00284,2026-05-07,2026-05-07,1
sample-00285,2026-07-05,2026-07-05,1
sample-00286,2026-04-04,2026-04-04,1
sample-00287,2026-05-23,2026-07-06,2
sample-00288,2026-05-19,2026-06-15,4
sample-00289,2026-05-11,2026-05-11,1
sample-00290,2026-06-20,2026-06-20,1
sample-00291,2026-04-16,2026-04-16,1
sample-00292,2026-07-07,2026-07-07,1
sample-00293,2026-04-24,2026-04-24,1
sample-00294,2026-05-19,2026-05-19,1
sample-00295,2026-05-16,2026-05-16,1
sample-00296,2026-06-25,2026-06-25,1
sample-00297,2026-05-07,2026-05-07,1
sample-00298,2026-04-18,2026-04-18,1
sample-00299,2026-03-18,2026-03-18,1
sample-00300,2026-04-28,2026-05-20,5
sample-00301,2026-06-22,2026-06-22,1
sample-00302,2026-03-17,2026-03-17,1
sample-00303,2026-06-30,2026-06-30,1
sample-00304,2026-05-19,2026-05-19,1
sample-00305,2026-04-01,2026-04-05,5
sample-00306,2026-04-20,2026-04-20,1
sample-00307,2026-05-20,2026-07-08,5
sample-00308,2026-04-22,2026-04-22,1
sample-00309,2026-03-28,2026-04-18,3
sample-00310,2026-06-03,2026-06-03,1
sample-00311,2026-06-03,2026-06-21,2
sample-00312,2026-03-30,2026-03-30,1
sample-00313,2026-04-18,2026-04-18,1
sample-00314,2026-04-14,2026-04-14,1
sample-00315,2026-06-02,2026-06-02,1
sample-00316,2026-06-10,2026-06-10,1
sample-00317,2026-06-10,2026-07-26,4
sample-00318,2026-07-05,2026-07-05,1
sample-00319,2026-06-15,2026-06-15,1
sample-00320,2026-04-23,2026-04-23,1
sample-00321,2026-03-28,2026-03-28,1
sample-00322,2026-05-28,2026-07-11,3
sample-00323,2026-07-03,2026-08-15,3
sample-00324,2026-07-10,2026-07-10,1
sample-00325,2026-04-12,2026-05-15,4
sample-00326,2026-04-13,2026-04-13,1
sample-00327,2026-03-20,2026-04-22,4
sample-00328,2026-04-01,2026-04-01,1
sample-00329,2026-05-21,2026-05-21,1
sample-00330,2026-05-20,2026-05-20,1
sample-00331,2026-04-29,2026-04-29,1
sample-00332,2026-04-21,2026-05-21,4
sample-00333,2026-06-22,2026-06-22,1
sample-00334,2026-05-09,2026-05-09,1
sample-00335,2026-06-20,2026-07-15,5
sample-00336,2026-07-08,2026-07-08,1
sample-00337,2026-04-22,2026-06-11,2
sample-00338,2026-04-09,2026-04-09,1
sample-00339,2026-07-07,2026-07-07,1
sample-00340,2026-05-30,2026-07-03,5
sample-00341,2026-04-19,2026-05-16,3
sample-00342,2026-05-29,2026-05-29,1
sample-00343,2026-05-16,2026-05-16,1
sample-00344,2026-07-01,2026-07-01,1
sample-00345,2026-04-15,2026-05-18,3
sample-00346,2026-07-11,2026-07-11,1
sample-00347,2026-07-05,2026-07-05,1
sample-00348,2026-04-06,2026-04-06,1
sample-00349,2026-04-04,2026-05-09,2
sample-00350,2026-05-18,2026-05-18,1
sample-00351,2026-03-21,2026-04-16,5
sample-00352,2026-04-20,2026-04-20,1
sample-00353,2026-05-06,2026-05-06,1
sample-00354,2026-07-09,2026-07-09,1
sample-00355,2026-07-12,2026-07-12,1
sample-00356,2026-04-03,2026-05-18,5
sample-00357,2026-06-30,2026-06-30,1
sample-00358,2026-03-26,2026-03-26,1
sample-00359,2026-06-13,2026-06-13,1
sample-00360,2026-06-24,2026-07-26,2
sample-00361,2026-06-30,2026-06-30,1
sample-00362,2026-04-11,2026-04-11,1
sample-00363,2026-06-30,2026-06-30,1
sample-00364,2026-03-29,2026-03-29,1
sample-00365,2026-05-16,2026-06-12,5
sample-00366,2026-05-10,2026-05-10,1
sample-00367,2026-04-22,2026-04-22,1
sample-00368,2026-03-18,2026-03-18,1
sample-00369,2026-06-15,2026-06-15,1
sample-00370,2026-04-24,2026-06-16,2
sample-00371,2026-06-02,2026-07-01,4
sample-00372,2026-05-03,2026-05-03,1
sample-00373,2026-04-29,2026-04-29,1
sample-00374,2026-06-29,2026-06-29,1
sample-00375,2026-03-27,2026-04-22,4
sample-00376,2026-06-11,2026-06-11,1
sample-00377,2026-06-12,2026-06-12,1
sample-00378,2026-04-30,2026-04-30,1
sample-00379,2026-04-16,2026-04-16,1
sample-00380,2026-03-16,2026-04-22,2
sample-00381,2026-07-05,2026-08-19,3
sample-00382,2026-07-06,2026-09-03,4
sample-00383,2026-04-13,2026-04-13,1
sample-00384,2026-03-19,2026-03-19,1
sample-00385,2026-03-30,2026-03-30,1
sample-00386,2026-03-24,2026-03-24,1
sample-00387,2026-06-22,2026-07-17,4
sample-00388,2026-06-30,2026-06-30,1
sample-00389,2026-04-03,2026-04-03,1
sample-00390,2026-06-12,2026-06-12,1
sample-00391,2026-04-06,2026-04-06,1
sample-00392,2026-04-28,2026-04-28,1
sample-00393,2026-05-26,2026-06-26,3
sample-00394,2026-06-09,2026-06-09,1
sample-00395,2026-06-28,2026-06-28,1
sample-00396,2026-03-21,2026-03-21,1
sample-00397,2026-04-08,2026-04-08,1
sample-00398,2026-04-18,2026-04-18,1
sample-00399,2026-04-21,2026-06-10,2
sample-00400,2026-07-12,2026-07-12,1
sample-00401,2026-06-16,2026-07-14,4
sample-00402,2026-04-23,2026-05-29,5
sample-00403,2026-07-09,2026-07-09,1
sample-00404,2026-05-14,2026-05-14,1
sample-00405,2026-05-14,2026-05-14,1
sample-00406,2026-05-06,2026-05-06,1
sample-00407,2026-04-02,2026-04-02,1
sample-00408,2026-07-05,2026-08-15,2
sample-00409,2026-03-17,2026-03-17,1
sample-00410,2026-04-05,2026-04-05,1
sample-00411,2026-04-12,2026-04-12,1
sample-00412,2026-04-18,2026-04-18,1
sample-00413,2026-03-31,2026-03-31,1
sample-00414,2026-03-18,2026-03-18,1
sample-00415,2026-06-04,2026-06-04,1
sample-00416,2026-07-09,2026-07-09,1
sample-00417,2026-03-30,2026-03-30,1
sample-00418,2026-04-20,2026-04-20,1
sample-00419,2026-05-15,2026-05-15,1
sample-00420,2026-07-04,2026-07-04,1
sample-00421,2026-06-06,2026-06-06,1
sample-00422,2026-06-15,2026-06-15,1
sample-00423,2026-05-24,2026-06-14,5
sample-00424,2026-05-04,2026-07-02,5
sample-00425,2026-04-08,2026-04-08,1
sample-00426,2026-06-26,2026-06-26,1
sample-00427,2026-06-19,2026-06-29,3
sample-00428,2026-03-18,2026-03-18,1
sample-00429,2026-06-09,2026-06-09,1
sample-00430,2026-03-26,2026-03-26,1
sample-00431,2026-06-11,2026-06-11,1
sample-00432,2026-06-22,2026-06-22,1
sample-00433,2026-03-31,2026-03-31,1
sample-00434,2026-05-06,2026-05-06,1
sample-00435,2026-03-30,2026-03-30,1
sample-00436,2026-05-22,2026-06-05,4
sample-00437,2026-07-04,2026-07-04,1
sample-00438,2026-03-25,2026-03-25,1
sample-00439,2026-05-02,2026-06-24,2
sample-00440,2026-07-09,2026-07-09,1
sample-00441,2026-04-20,2026-04-20,1
sample-00442,2026-03-31,2026-03-31,1
sample-00443,2026-05-13,2026-05-13,1
sample-00444,2026-05-15,2026-05-15,1
sample-00445,2026-06-02,2026-06-02,1
sample-00446,2026-04-22,2026-04-22,1
sample-00447,2026-07-07,2026-07-07,1
sample-00448,2026-05-17,2026-05-17,1
sample-00449,2026-04-19,2026-05-24,3
sample-00450,2026-07-08,2026-08-21,3
sample-00451,2026-07-04,2026-07-04,1
sample-00452,2026-05-14,2026-05-14,1
sample-00453,2026-03-18,2026-03-18,1
sample-00454,2026-05-26,2026-05-26,1
sample-00455,2026-05-21,2026-05-21,1
sample-00456,2026-04-02,2026-05-24,5
sample-00457,2026-05-30,2026-05-30,1
sample-00458,2026-06-24,2026-08-07,5
sample-00459,2026-03-28,2026-05-02,2
sample-00460,2026-06-10,2026-06-10,1
sample-00461,2026-04-01,2026-04-17,4
sample-00462,2026-06-13,2026-07-21,5
sample-00463,2026-05-04,2026-05-04,1
sample-00464,2026-03-16,2026-03-16,1
sample-00465,2026-07-08,2026-07-08,1
sample-00466,2026-04-04,2026-04-04,1
sample-00467,2026-05-25,2026-07-01,5
sample-00468,2026-04-06,2026-04-06,1
sample-00469,2026-07-05,2026-07-13,4
sample-00470,2026-06-11,2026-07-27,3
sample-00471,2026-06-19,2026-06-19,1
sample-00472,2026-05-06,2026-05-06,1
sample-00473,2026-05-10,2026-05-10,1
sample-00474,2026-05-30,2026-05-30,1
sample-00475,2026-06-17,2026-06-17,1
sample-00476,2026-06-24,2026-07-09,5
sample-00477,2026-03-18,2026-03-18,1
sample-00478,2026-06-02,2026-06-02,1
sample-00479,2026-03-28,2026-04-19,5
sample-00480,2026-04-19,2026-04-19,1
sample-00481,2026-06-22,2026-07-18,5
sample-00482,2026-04-14,2026-04-14,1
sample-00483,2026-06-18,2026-06-18,1
sample-00484,2026-05-10,2026-05-10,1
sample-00485,2026-04-12,2026-04-12,1
sample-00486,2026-04-24,2026-06-19,4
sample-00487,2026-05-18,2026-05-18,1
sample-00488,2026-06-15,2026-06-15,1
sample-00489,2026-05-27,2026-05-27,1
sample-00490,2026-07-05,2026-08-26,2
sample-00491,2026-06-27,2026-06-27,1
sample-00492,2026-06-13,2026-06-13,1
sample-00493,2026-05-26,2026-05-26,1
sample-00494,2026-04-19,2026-05-05,4
sample-00495,2026-05-04,2026-05-04,1
sample-00496,2026-03-30,2026-03-30,1
sample-00497,2026-04-29,2026-04-29,1
sample-00498,2026-07-04,2026-07-04,1
sample-00499,2026-05-05,2026-05-05,1
sample-00500,2026-03-29,2026-05-10,3
sample-00501,2026-06-01,2026-06-01,1
sample-00502,2026-07-08,2026-07-08,1
sample-00503,2026-06-27,2026-06-27,1
sample-00504,2026-04-17,2026-05-20,4
sample-00505,2026-05-09,2026-06-11,3
sample-00506,2026-05-18,2026-05-18,1
sample-00507,2026-04-14,2026-04-14,1
sample-00508,2026-04-16,2026-04-16,1
sample-00509,2026-04-13,2026-04-13,1
sample-00510,2026-07-12,2026-07-12,1
sample-00511,2026-06-12,2026-06-12,1
sample-00512,2026-06-24,2026-07-18,3
sample-00513,2026-06-21,2026-06-21,1
sample-00514,2026-07-08,2026-07-08,1
sample-00515,2026-03-28,2026-04-18,5
sample-00516,2026-06-28,2026-06-28,1
sample-00517,2026-03-23,2026-03-23,1
sample-00518,2026-05-11,2026-06-09,4
sample-00519,2026-05-25,2026-05-25,1
sample-00520,2026-04-27,2026-06-14,5
sample-00521,2026-04-02,2026-04-02,1
sample-00522,2026-04-07,2026-04-07,1
sample-00523,2026-06-22,2026-06-22,1
sample-00524,2026-04-22,2026-04-22,1
sample-00525,2026-04-21,2026-05-11,5
sample-00526,2026-07-03,2026-07-03,1
sample-00527,2026-04-02,2026-04-30,3
sample-00528,2026-07-02,2026-08-05,2
sample-00529,2026-07-03,2026-07-03,1
sample-00530,2026-05-26,2026-07-14,5
sample-00531,2026-04-04,2026-04-04,1
sample-00532,2026-04-03,2026-06-04,2
sample-00533,2026-04-18,2026-04-18,1
sample-00534,2026-05-23,2026-05-23,1
sample-00535,2026-04-03,2026-05-12,2
sample-00536,2026-05-09,2026-05-09,1
sample-00537,2026-03-29,2026-04-24,4
sample-00538,2026-05-19,2026-05-19,1
sample-00539,2026-03-18,2026-03-18,1
sample-00540,2026-06-08,2026-06-08,1
sample-00541,2026-03-22,2026-03-22,1
sample-00542,2026-04-08,2026-04-08,1
sample-00543,2026-04-05,2026-05-11,2
sample-00544,2026-06-22,2026-07-16,2
sample-00545,2026-03-22,2026-03-22,1
sample-00546,2026-05-06,2026-05-06,1
sample-00547,2026-05-25,2026-06-04,5
sample-00548,2026-05-16,2026-05-16,1
sample-00549,2026-06-05,2026-06-05,1
sample-00550,2026-06-19,2026-06-19,1
sample-00551,2026-05-01,2026-05-01,1
sample-00552,2026-06-22,2026-06-22,1
sample-00553,2026-04-22,2026-04-22,1
sample-00554,2026-07-11,2026-07-11,1
sample-00555,2026-05-15,2026-06-20,2
sample-00556,2026-06-11,2026-08-11,3
sample-00557,2026-06-28,2026-06-28,1
sample-00558,2026-06-18,2026-06-18,1
sample-00559,2026-06-25,2026-08-07,5
sample-00560,2026-05-18,2026-05-18,1
sample-00561,2026-03-21,2026-03-21,1
sample-00562,2026-05-13,2026-05-13,1
sample-00563,2026-04-06,2026-04-06,1
sample-00564,2026-06-29,2026-07-30,2
sample-00565,2026-04-13,2026-05-29,2
sample-00566,2026-04-12,2026-04-12,1
sample-00567,2026-04-14,2026-04-14,1
sample-00568,2026-05-31,2026-07-04,5
sample-00569,2026-05-22,2026-05-22,1
sample-00570,2026-07-06,2026-07-06,1
sample-00571,2026-05-04,2026-05-04,1
sample-00572,2026-04-18,2026-04-18,1
sample-00573,2026-03-21,2026-03-21,1
sample-00574,2026-03-16,2026-03-16,1
sample-00575,2026-04-29,2026-04-29,1
sample-00576,2026-07-04,2026-08-02,5
sample-00577,2026-05-17,2026-05-17,1
sample-00578,2026-06-30,2026-06-30,1
sample-00579,2026-03-28,2026-03-28,1
sample-00580,2026-03-27,2026-03-27,1
sample-00581,2026-06-23,2026-06-23,1
sample-00582,2026-03-28,2026-03-28,1
sample-00583,2026-03-22,2026-04-10,4
sample-00584,2026-05-03,2026-06-06,2
sample-00585,2026-07-04,2026-08-19,2
sample-00586,2026-06-06,2026-06-06,1
sample-00587,2026-03-27,2026-03-27,1
sample-00588,2026-06-23,2026-06-23,1
sample-00589,2026-06-24,2026-06-24,1
sample-00590,2026-06-19,2026-06-19,1
sample-00591,2026-07-01,2026-07-01,1
sample-00592,2026-04-13,2026-05-29,5
sample-00593,2026-07-10,2026-07-10,1
sample-00594,2026-04-23,2026-05-16,2
sample-00595,2026-06-19,2026-06-19,1
sample-00596,2026-05-23,2026-05-23,1
sample-00597,2026-06-16,2026-06-16,1
sample-00598,2026-05-29,2026-06-22,3
sample-00599,2026-05-31,2026-05-31,1
sample-00600,2026-05-28,2026-06-25,3
sample-00601,2026-06-16,2026-08-04,3
sample-00602,2026-06-11,2026-06-11,1
sample-00603,2026-04-01,2026-04-01,1
sample-00604,2026-06-22,2026-06-22,1
sample-00605,2026-05-18,2026-05-18,1
sample-00606,2026-04-23,2026-04-23,1
sample-00607,2026-05-16,2026-07-02,2
sample-00608,2026-07-09,2026-08-19,5
sample-00609,2026-06-26,2026-06-26,1
sample-00610,2026-06-23,2026-06-23,1
sample-00611,2026-05-10,2026-05-10,1
sample-00612,2026-06-17,2026-07-09,5
sample-00613,2026-04-30,2026-04-30,1
sample-00614,2026-06-05,2026-06-05,1
sample-00615,2026-05-31,2026-05-31,1
sample-00616,2026-04-14,2026-05-06,5
sample-00617,2026-04-16,2026-04-16,1
sample-00618,2026-03-23,2026-03-23,1
sample-00619,2026-04-01,2026-04-01,1
sample-00620,2026-05-06,2026-05-06,1
sample-00621,2026-05-11,2026-05-11,1
sample-00622,2026-04-04,2026-04-04,1
sample-00623,2026-05-04,2026-05-04,1
sample-00624,2026-05-26,2026-05-26,1
sample-00625,2026-04-12,2026-04-12,1
sample-00626,2026-04-25,2026-04-25,1
sample-00627,2026-04-28,2026-04-28,1
sample-00628,2026-05-15,2026-05-15,1
sample-00629,2026-04-28,2026-04-28,1
sample-00630,2026-06-11,2026-06-11,1
sample-00631,2026-04-23,2026-05-25,2
sample-00632,2026-05-06,2026-05-06,1
sample-00633,2026-04-30,2026-06-14,5
sample-00634,2026-04-06,2026-04-06,1
sample-00635,2026-06-05,2026-06-05,1
sample-00636,2026-04-13,2026-05-01,2
sample-00637,2026-04-20,2026-04-20,1
sample-00638,2026-06-18,2026-06-18,1
sample-00639,2026-07-06,2026-07-06,1
sample-00640,2026-06-03,2026-07-13,2
sample-00641,2026-07-03,2026-07-21,4
sample-00642,2026-06-25,2026-06-25,1
sample-00643,2026-05-12,2026-05-12,1
sample-00644,2026-06-15,2026-06-15,1
sample-00645,2026-04-24,2026-04-24,1
sample-00646,2026-05-09,2026-07-10,2
sample-00647,2026-05-18,2026-05-18,1
sample-00648,2026-07-08,2026-07-08,1
sample-00649,2026-06-24,2026-06-24,1
sample-00650,2026-05-13,2026-05-13,1
sample-00651,2026-06-01,2026-06-01,1
sample-00652,2026-04-09,2026-04-09,1
sample-00653,2026-06-19,2026-06-19,1
sample-00654,2026-05-20,2026-05-20,1
sample-00655,2026-05-18,2026-07-03,4
sample-00656,2026-06-15,2026-06-15,1
sample-00657,2026-05-30,2026-05-30,1
sample-00658,2026-03-24,2026-03-24,1
sample-00659,2026-04-19,2026-04-19,1
sample-00660,2026-04-06,2026-04-06,1
sample-00661,2026-06-11,2026-06-11,1
sample-00662,2026-03-20,2026-03-20,1
sample-00663,2026-04-09,2026-05-29,2
sample-00664,2026-05-26,2026-05-26,1
sample-00665,2026-06-06,2026-06-06,1
sample-00666,2026-05-14,2026-06-25,2
sample-00667,2026-06-26,2026-08-11,4
sample-00668,2026-07-03,2026-07-03,1
sample-00669,2026-03-31,2026-03-31,1
sample-00670,2026-07-07,2026-07-07,1
sample-00671,2026-05-28,2026-05-28,1
sample-00672,2026-05-30,2026-05-30,1
sample-00673,2026-03-27,2026-03-27,1
sample-00674,2026-05-29,2026-05-29,1
sample-00675,2026-06-10,2026-06-10,1
sample-00676,2026-05-24,2026-05-24,1
sample-00677,2026-03-26,2026-05-10,2
sample-00678,2026-05-17,2026-05-17,1
sample-00679,2026-07-05,2026-07-05,1
sample-00680,2026-06-10,2026-06-10,1
sample-00681,2026-04-01,2026-04-01,1
sample-00682,2026-07-08,2026-07-08,1
sample-00683,2026-07-08,2026-07-08,1
sample-00684,2026-04-05,2026-04-05,1
sample-00685,2026-06-19,2026-06-19,1
sample-00686,2026-05-03,2026-05-03,1
sample-00687,2026-05-25,2026-05-25,1
sample-00688,2026-05-07,2026-06-02,4
sample-00689,2026-06-17,2026-08-01,5
sample-00690,2026-07-12,2026-08-29,2
sample-00691,2026-06-18,2026-06-18,1
sample-00692,2026-07-04,2026-07-04,1
sample-00693,2026-07-06,2026-07-06,1
sample-00694,2026-03-26,2026-04-28,3
sample-00695,2026-04-15,2026-04-15,1
sample-00696,2026-06-09,2026-06-09,1
sample-00697,2026-05-25,2026-06-25,3
sample-00698,2026-03-21,2026-03-21,1
sample-00699,2026-03-27,2026-03-27,1
sample-00700,2026-05-16,2026-05-16,1
sample-00701,2026-05-28,2026-05-28,1
sample-00702,2026-04-04,2026-05-28,5
sample-00703,2026-04-05,2026-04-05,1
sample-00704,2026-03-31,2026-03-31,1
sample-00705,2026-05-22,2026-06-29,3
sample-00706,2026-03-16,2026-03-16,1
sample-00707,2026-05-23,2026-05-23,1
sample-00708,2026-05-11,2026-06-13,4
sample-00709,2026-05-10,2026-05-10,1
sample-00710,2026-06-04,2026-07-11,4
sample-00711,2026-05-17,2026-05-17,1
sample-00712,2026-06-10,2026-06-10,1
sample-00713,2026-06-14,2026-06-14,1
sample-00714,2026-07-03,2026-07-03,1
sample-00715,2026-06-19,2026-06-19,1
sample-00716,2026-05-16,2026-05-16,1
sample-00717,2026-05-13,2026-05-13,1
sample-00718,2026-04-13,2026-04-13,1
sample-00719,2026-05-26,2026-05-26,1
sample-00720,2026-04-01,2026-04-01,1
sample-00721,2026-07-04,2026-07-04,1
sample-00722,2026-06-24,2026-07-21,2
sample-00723,2026-03-30,2026-03-30,1
sample-00724,2026-06-17,2026-07-27,3
sample-00725,2026-03-29,2026-03-29,1
sample-00726,2026-06-09,2026-06-09,1
sample-00727,2026-03-26,2026-04-17,2
sample-00728,2026-05-13,2026-06-14,5
sample-00729,2026-06-02,2026-06-02,1
sample-00730,2026-06-10,2026-06-10,1
sample-00731,2026-05-04,2026-05-06,5
sample-00732,2026-07-03,2026-07-03,1
sample-00733,2026-06-16,2026-06-16,1
sample-00734,2026-04-09,2026-04-09,1
sample-00735,2026-06-03,2026-06-03,1
sample-00736,2026-06-10,2026-06-10,1
sample-00737,2026-04-24,2026-06-11,5
sample-00738,2026-06-11,2026-06-11,1
sample-00739,2026-06-30,2026-06-30,1
sample-00740,2026-06-21,2026-06-21,1
sample-00741,2026-06-14,2026-08-03,2
sample-00742,2026-05-30,2026-07-09,4
sample-00743,2026-04-17,2026-04-17,1
sample-00744,2026-06-18,2026-06-18,1
sample-00745,2026-04-28,2026-04-28,1
sample-00746,2026-05-18,2026-06-04,4
sample-00747,2026-04-22,2026-05-06,4
sample-00748,2026-04-22,2026-06-01,5
sample-00749,2026-04-03,2026-04-03,1
sample-00750,2026-07-08,2026-07-17,2
sample-00751,2026-04-02,2026-04-02,1
sample-00752,2026-03-26,2026-03-26,1
sample-00753,2026-07-05,2026-07-05,1
sample-00754,2026-05-21,2026-05-21,1
sample-00755,2026-05-07,2026-06-16,5
sample-00756,2026-06-11,2026-06-11,1
sample-00757,2026-04-30,2026-06-10,3
sample-00758,2026-03-31,2026-04-25,3
sample-00759,2026-06-10,2026-06-25,5
sample-00760,2026-04-05,2026-05-20,2
sample-00761,2026-05-20,2026-05-20,1
sample-00762,2026-07-06,2026-07-06,1
sample-00763,2026-07-05,2026-08-27,3
sample-00764,2026-04-27,2026-06-03,2
sample-00765,2026-06-16,2026-06-16,1
sample-00766,2026-05-27,2026-05-27,1
sample-00767,2026-05-12,2026-05-25,5
sample-00768,2026-04-01,2026-04-01,1
sample-00769,2026-04-29,2026-06-03,4
sample-00770,2026-06-01,2026-06-01,1
sample-00771,2026-07-11,2026-09-09,5
sample-00772,2026-03-16,2026-03-16,1
sample-00773,2026-06-09,2026-07-19,4
sample-00774,2026-06-24,2026-06-24,1
sample-00775,2026-07-07,2026-08-16,3
sample-00776,2026-05-05,2026-05-05,1
sample-00777,2026-03-30,2026-03-30,1
sample-00778,2026-04-17,2026-04-17,1
sample-00779,2026-06-25,2026-06-25,1
sample-00780,2026-06-28,2026-06-28,1
sample-00781,2026-05-30,2026-05-30,1
sample-00782,2026-03-30,2026-03-30,1
sample-00783,2026-03-30,2026-03-30,1
sample-00784,2026-05-11,2026-05-11,1
sample-00785,2026-05-25,2026-05-25,1
sample-00786,2026-03-19,2026-03-19,1
sample-00787,2026-06-05,2026-06-05,1
sample-00788,2026-05-19,2026-05-19,1
sample-00789,2026-03-17,2026-05-05,3
sample-00790,2026-03-27,2026-03-27,1
sample-00791,2026-05-09,2026-05-09,1
sample-00792,2026-06-09,2026-07-04,5
sample-00793,2026-06-22,2026-06-22,1
sample-00794,2026-05-06,2026-05-06,1
sample-00795,2026-04-20,2026-04-20,1
sample-00796,2026-07-09,2026-07-09,1
sample-00797,2026-05-09,2026-05-09,1
sample-00798,2026-04-22,2026-05-29,5
sample-00799,2026-05-07,2026-05-07,1
sample-00800,2026-03-17,2026-03-17,1
sample-00801,2026-04-20,2026-04-20,1
sample-00802,2026-05-16,2026-06-09,2
sample-00803,2026-07-03,2026-07-03,1
sample-00804,2026-06-11,2026-06-11,1
sample-00805,2026-06-16,2026-06-16,1
sample-00806,2026-05-19,2026-05-19,1
sample-00807,2026-03-29,2026-03-29,1
sample-00808,2026-05-01,2026-05-01,1
sample-00809,2026-07-12,2026-07-12,1
sample-00810,2026-03-21,2026-03-21,1
sample-00811,2026-06-28,2026-07-16,3
sample-00812,2026-06-05,2026-06-05,1
sample-00813,2026-04-18,2026-05-08,3
sample-00814,2026-06-16,2026-06-16,1
sample-00815,2026-06-23,2026-06-23,1
sample-00816,2026-03-21,2026-03-30,5
sample-00817,2026-03-28,2026-05-07,3
sample-00818,2026-06-03,2026-07-03,2
sample-00819,2026-07-12,2026-08-24,4
sample-00820,2026-03-18,2026-04-23,2
sample-00821,2026-06-03,2026-06-03,1
sample-00822,2026-04-01,2026-04-01,1
sample-00823,2026-06-01,2026-06-01,1
sample-00824,2026-05-29,2026-05-29,1
sample-00825,2026-03-26,2026-04-29,3
sample-00826,2026-06-05,2026-06-05,1
sample-00827,2026-06-30,2026-06-30,1
sample-00828,2026-06-26,2026-06-26,1
sample-00829,2026-03-19,2026-04-17,2
sample-00830,2026-04-14,2026-04-14,1
sample-00831,2026-04-13,2026-04-13,1
sample-00832,2026-05-08,2026-05-08,1
sample-00833,2026-04-02,2026-05-01,5
sample-00834,2026-06-25,2026-06-25,1
sample-00835,2026-06-16,2026-06-16,1
sample-00836,2026-06-20,2026-06-20,1
sample-00837,2026-04-08,2026-04-08,1
sample-00838,2026-03-17,2026-04-18,4
sample-00839,2026-07-02,2026-07-02,1
sample-00840,2026-04-19,2026-04-19,1
sample-00841,2026-06-02,2026-06-02,1
sample-00842,2026-07-02,2026-07-02,1
sample-00843,2026-03-20,2026-03-20,1
sample-00844,2026-03-16,2026-03-16,1
sample-00845,2026-03-16,2026-04-13,3
sample-00846,2026-04-03,2026-04-03,1
sample-00847,2026-03-22,2026-04-18,4
sample-00848,2026-06-21,2026-08-03,4
sample-00849,2026-05-27,2026-07-04,3
sample-00850,2026-07-10,2026-08-15,3
sample-00851,2026-06-19,2026-06-19,1
sample-00852,2026-07-08,2026-07-08,1
sample-00853,2026-04-13,2026-04-13,1
sample-00854,2026-04-19,2026-04-19,1
sample-00855,2026-06-25,2026-06-25,1
sample-00856,2026-04-14,2026-04-14,1
sample-00857,2026-03-22,2026-03-22,1
sample-00858,2026-06-03,2026-06-03,1
sample-00859,2026-06-19,2026-06-19,1
sample-00860,2026-07-09,2026-07-09,1
sample-00861,2026-07-04,2026-07-04,1
sample-00862,2026-03-30,2026-03-30,1
sample-00863,2026-06-15,2026-07-18,3
sample-00864,2026-06-24,2026-08-09,2
sample-00865,2026-06-07,2026-06-07,1
sample-00866,2026-06-21,2026-06-21,1
sample-00867,2026-06-23,2026-06-23,1
sample-00868,2026-05-08,2026-05-08,1
sample-00869,2026-03-20,2026-05-02,3
sample-00870,2026-05-09,2026-05-09,1
sample-00871,2026-04-09,2026-04-09,1
sample-00872,2026-03-29,2026-03-29,1
sample-00873,2026-03-30,2026-03-30,1
sample-00874,2026-06-06,2026-06-06,1
sample-00875,2026-05-15,2026-05-15,1
sample-00876,2026-05-19,2026-05-19,1
sample-00877,2026-06-12,2026-06-12,1
sample-00878,2026-05-20,2026-05-20,1
sample-00879,2026-05-29,2026-05-29,1
sample-00880,2026-03-26,2026-04-28,3
sample-00881,2026-06-25,2026-06-25,1
sample-00882,2026-05-08,2026-05-08,1
sample-00883,2026-04-03,2026-04-03,1
sample-00884,2026-06-20,2026-06-20,1
sample-00885,2026-06-11,2026-06-11,1
sample-00886,2026-03-22,2026-03-22,1
sample-00887,2026-04-07,2026-04-07,1
sample-00888,2026-03-17,2026-03-17,1
sample-00889,2026-04-17,2026-06-19,2
sample-00890,2026-03-27,2026-03-27,1
sample-00891,2026-06-08,2026-06-08,1
sample-00892,2026-05-17,2026-06-22,3
sample-00893,2026-07-10,2026-07-10,1
sample-00894,2026-06-13,2026-06-13,1
sample-00895,2026-05-27,2026-05-27,1
sample-00896,2026-05-15,2026-05-15,1
sample-00897,2026-03-22,2026-03-22,1
sample-00898,2026-03-24,2026-03-24,1
sample-00899,2026-05-28,2026-07-03,2
sample-00900,2026-03-16,2026-03-16,1
sample-00901,2026-03-21,2026-03-21,1
sample-00902,2026-04-11,2026-04-11,1
sample-00903,2026-06-29,2026-07-28,3
sample-00904,2026-05-09,2026-06-07,4
sample-00905,2026-06-08,2026-06-08,1
sample-00906,2026-05-03,2026-05-03,1
sample-00907,2026-04-05,2026-04-05,1
sample-00908,2026-04-29,2026-04-29,1
sample-00909,2026-03-26,2026-03-26,1
sample-00910,2026-06-15,2026-06-15,1
sample-00911,2026-04-06,2026-04-06,1
sample-00912,2026-04-29,2026-04-29,1
sample-00913,2026-07-10,2026-07-10,1
sample-00914,2026-05-25,2026-05-25,1
sample-00915,2026-05-09,2026-05-09,1
sample-00916,2026-05-19,2026-05-19,1
sample-00917,2026-06-17,2026-06-17,1
sample-00918,2026-04-15,2026-04-15,1
sample-00919,2026-05-30,2026-07-11,5
sample-00920,2026-06-27,2026-06-27,1
sample-00921,2026-05-23,2026-05-23,1
sample-00922,2026-05-08,2026-05-08,1
sample-00923,2026-04-02,2026-04-02,1
sample-00924,2026-04-14,2026-04-14,1
sample-00925,2026-07-06,2026-07-06,1
sample-00926,2026-05-19,2026-07-05,3
sample-00927,2026-04-20,2026-04-20,1
sample-00928,2026-05-04,2026-05-04,1
sample-00929,2026-05-23,2026-06-24,4
sample-00930,2026-05-18,2026-05-18,1
sample-00931,2026-06-07,2026-06-07,1
sample-00932,2026-04-15,2026-06-05,5
sample-00933,2026-06-01,2026-06-01,1
sample-00934,2026-05-07,2026-05-07,1
sample-00935,2026-07-05,2026-07-05,1
sample-00936,2026-04-03,2026-04-03,1
sample-00937,2026-04-02,2026-04-26,4
sample-00938,2026-05-09,2026-05-09,1
sample-00939,2026-05-15,2026-06-09,5
sample-00940,2026-06-06,2026-06-06,1
sample-00941,2026-05-03,2026-05-03,1
sample-00942,2026-07-02,2026-07-02,1
sample-00943,2026-05-11,2026-05-11,1
sample-00944,2026-03-31,2026-04-23,5
sample-00945,2026-03-30,2026-05-18,4
sample-00946,2026-07-09,2026-07-09,1
sample-00947,2026-03-31,2026-03-31,1
sample-00948,2026-07-06,2026-07-25,2
sample-00949,2026-04-18,2026-04-18,1
sample-00950,2026-03-27,2026-03-27,1
sample-00951,2026-04-21,2026-04-21,1
sample-00952,2026-05-28,2026-05-28,1
sample-00953,2026-05-05,2026-05-05,1
sample-00954,2026-06-17,2026-06-17,1
sample-00955,2026-05-27,2026-05-27,1
sample-00956,2026-05-02,2026-05-02,1
sample-00957,2026-05-30,2026-05-30,1
sample-00958,2026-07-09,2026-07-09,1
sample-00959,2026-05-04,2026-05-04,1
sample-00960,2026-04-03,2026-04-03,1
sample-00961,2026-05-03,2026-05-03,1
sample-00962,2026-06-23,2026-07-31,2
sample-00963,2026-04-10,2026-04-10,1
sample-00964,2026-07-06,2026-07-06,1
sample-00965,2026-05-25,2026-05-25,1
sample-00966,2026-05-26,2026-05-26,1
sample-00967,2026-04-22,2026-04-22,1
sample-00968,2026-07-03,2026-07-03,1
sample-00969,2026-03-20,2026-03-20,1
sample-00970,2026-04-20,2026-04-20,1
sample-00971,2026-05-04,2026-05-04,1
sample-00972,2026-05-11,2026-05-11,1
sample-00973,2026-05-11,2026-05-11,1
sample-00974,2026-04-02,2026-04-02,1
sample-00975,2026-04-11,2026-04-11,1
sample-00976,2026-03-27,2026-05-09,2
sample-00977,2026-05-23,2026-06-27,5
sample-00978,2026-04-26,2026-05-31,3
sample-00979,2026-05-22,2026-05-22,1
sample-00980,2026-05-25,2026-05-25,1
sample-00981,2026-06-07,2026-06-07,1
sample-00982,2026-05-20,2026-05-20,1
sample-00983,2026-06-01,2026-07-16,5
sample-00984,2026-05-24,2026-05-24,1
sample-00985,2026-06-01,2026-06-01,1
sample-00986,2026-05-28,2026-05-28,1
sample-00987,2026-04-22,2026-06-12,3
sample-00988,2026-04-14,2026-04-14,1
sample-00989,2026-06-17,2026-06-17,1
sample-00990,2026-04-25,2026-04-25,1
sample-00991,2026-05-20,2026-05-20,1
sample-00992,2026-04-08,2026-04-26,5
sample-00993,2026-05-06,2026-05-06,1
sample-00994,2026-05-18,2026-06-08,3
sample-00995,2026-05-29,2026-05-29,1
sample-00996,2026-05-17,2026-05-17,1
sample-00997,2026-04-27,2026-04-27,1
sample-00998,2026-07-08,2026-08-04,3
sample-00999,2026-05-16,2026-06-16,2
sample-01000,2026-06-20,2026-07-26,5
sample-01001,2026-06-11,2026-07-29,5
sample-01002,2026-05-21,2026-05-21,1
sample-01003,2026-06-29,2026-06-29,1
sample-01004,2026-03-31,2026-03-31,1
sample-01005,2026-07-03,2026-07-03,1
sample-01006,2026-06-25,2026-07-27,4
sample-01007,2026-05-14,2026-07-02,5
sample-01008,2026-06-11,2026-06-11,1
sample-01009,2026-05-16,2026-05-16,1
sample-01010,2026-04-16,2026-05-09,4
sample-01011,2026-06-19,2026-06-19,1
sample-01012,2026-04-14,2026-05-23,4
sample-01013,2026-04-22,2026-04-22,1
sample-01014,2026-05-16,2026-05-16,1
sample-01015,2026-06-23,2026-06-23,1
sample-01016,2026-04-30,2026-06-05,5
sample-01017,2026-05-13,2026-05-13,1
sample-01018,2026-03-20,2026-03-20,1
sample-01019,2026-03-29,2026-03-29,1
sample-01020,2026-03-22,2026-05-02,2
sample-01021,2026-03-24,2026-05-16,4
sample-01022,2026-06-27,2026-06-27,1
sample-01023,2026-06-24,2026-07-25,5
sample-01024,2026-06-21,2026-06-21,1
sample-01025,2026-03-22,2026-03-22,1
sample-01026,2026-03-25,2026-03-25,1
sample-01027,2026-04-18,2026-04-18,1
sample-01028,2026-05-22,2026-07-24,3
sample-01029,2026-04-24,2026-06-12,4
sample-01030,2026-05-13,2026-05-13,1
sample-01031,2026-04-05,2026-04-18,3
sample-01032,2026-06-10,2026-06-10,1
sample-01033,2026-04-22,2026-04-22,1
sample-01034,2026-03-23,2026-03-23,1
sample-01035,2026-06-12,2026-06-12,1
sample-01036,2026-07-01,2026-07-01,1
sample-01037,2026-03-17,2026-04-10,2
sample-01038,2026-05-06,2026-05-06,1
sample-01039,2026-06-22,2026-06-22,1
sample-01040,2026-06-08,2026-06-08,1
sample-01041,2026-06-25,2026-06-25,1
sample-01042,2026-05-04,2026-05-04,1
sample-01043,2026-04-29,2026-04-29,1
sample-01044,2026-06-08,2026-07-25,2
sample-01045,2026-04-03,2026-04-03,1
sample-01046,2026-04-13,2026-04-13,1
sample-01047,2026-05-26,2026-06-22,5
sample-01048,2026-06-03,2026-06-03,1
sample-01049,2026-03-30,2026-03-30,1
sample-01050,2026-05-15,2026-05-15,1
sample-01051,2026-04-28,2026-04-28,1
sample-01052,2026-05-14,2026-05-14,1
sample-01053,2026-07-08,2026-07-08,1
sample-01054,2026-03-25,2026-03-25,1
sample-01055,2026-07-12,2026-08-21,4
sample-01056,2026-05-08,2026-05-08,1
sample-01057,2026-06-15,2026-07-15,2
sample-01058,2026-05-05,2026-05-05,1
sample-01059,2026-04-22,2026-04-22,1
sample-01060,2026-06-15,2026-06-15,1
sample-01061,2026-06-05,2026-06-05,1
sample-01062,2026-04-02,2026-05-22,3
sample-01063,2026-06-07,2026-06-07,1
sample-01064,2026-06-13,2026-08-02,4
sample-01065,2026-05-01,2026-05-01,1
sample-01066,2026-07-04,2026-07-04,1
sample-01067,2026-05-31,2026-05-31,1
sample-01068,2026-04-24,2026-04-24,1
sample-01069,2026-03-17,2026-04-23,5
sample-01070,2026-06-04,2026-08-15,3
sample-01071,2026-04-09,2026-04-09,1
sample-01072,2026-06-14,2026-06-14,1
sample-01073,2026-05-17,2026-05-17,1
sample-01074,2026-05-10,2026-05-10,1
sample-01075,2026-04-04,2026-04-04,1
sample-01076,2026-06-08,2026-06-08,1
sample-01077,2026-04-04,2026-04-16,3
sample-01078,2026-05-04,2026-05-04,1
sample-01079,2026-06-23,2026-06-23,1
sample-01080,2026-07-03,2026-07-03,1
sample-01081,2026-07-11,2026-07-11,1
sample-01082,2026-07-08,2026-07-08,1
sample-01083,2026-05-21,2026-05-21,1
sample-01084,2026-04-08,2026-04-08,1
sample-01085,2026-06-23,2026-06-23,1
sample-01086,2026-06-19,2026-07-06,4
sample-01087,2026-07-11,2026-07-11,1
sample-01088,2026-06-01,2026-06-01,1
sample-01089,2026-04-01,2026-04-01,1
sample-01090,2026-05-14,2026-05-14,1
sample-01091,2026-05-08,2026-05-08,1
sample-01092,2026-06-24,2026-06-24,1
sample-01093,2026-05-01,2026-05-26,2
sample-01094,2026-04-24,2026-04-24,1
sample-01095,2026-03-25,2026-04-15,2
sample-01096,2026-06-23,2026-06-23,1
sample-01097,2026-06-13,2026-06-13,1
sample-01098,2026-03-20,2026-04-13,4
sample-01099,2026-05-06,2026-05-06,1
sample-01100,2026-05-12,2026-05-12,1
sample-01101,2026-05-10,2026-05-10,1
sample-01102,2026-07-03,2026-07-03,1
sample-01103,2026-04-02,2026-04-02,1
sample-01104,2026-04-21,2026-04-21,1
sample-01105,2026-04-06,2026-04-06,1
sample-01106,2026-04-14,2026-04-14,1
sample-01107,2026-07-01,2026-07-01,1
sample-01108,2026-07-05,2026-07-05,1
sample-01109,2026-03-21,2026-03-21,1
sample-01110,2026-05-30,2026-06-29,3
sample-01111,2026-04-12,2026-05-08,3
sample-01112,2026-04-07,2026-04-07,1
sample-01113,2026-04-19,2026-04-19,1
sample-01114,2026-04-08,2026-05-05,3
sample-01115,2026-05-13,2026-06-21,2
sample-01116,2026-07-12,2026-07-12,1
sample-01117,2026-05-24,2026-05-24,1
sample-01118,2026-06-10,2026-06-10,1
sample-01119,2026-05-13,2026-05-13,1
sample-01120,2026-03-17,2026-03-17,1
sample-01121,2026-03-26,2026-03-26,1
sample-01122,2026-04-16,2026-04-16,1
sample-01123,2026-04-13,2026-04-13,1
sample-01124,2026-06-24,2026-06-24,1
sample-01125,2026-06-24,2026-06-24,1
sample-01126,2026-06-25,2026-06-25,1
sample-01127,2026-05-30,2026-05-30,1
sample-01128,2026-05-21,2026-05-21,1
sample-01129,2026-06-01,2026-06-01,1
sample-01130,2026-05-03,2026-05-03,1
sample-01131,2026-06-03,2026-06-03,1
sample-01132,2026-06-18,2026-08-14,2
sample-01133,2026-06-14,2026-06-14,1
sample-01134,2026-05-28,2026-05-28,1
sample-01135,2026-03-22,2026-03-22,1
sample-01136,2026-06-10,2026-06-10,1
sample-01137,2026-04-28,2026-04-28,1
sample-01138,2026-06-12,2026-07-17,4
sample-01139,2026-05-19,2026-06-24,5
sample-01140,2026-06-28,2026-06-28,1
sample-01141,2026-04-25,2026-04-25,1
sample-01142,2026-07-04,2026-08-11,3
sample-01143,2026-06-24,2026-06-24,1
sample-01144,2026-04-24,2026-04-24,1
sample-01145,2026-05-12,2026-05-12,1
sample-01146,2026-05-18,2026-06-19,3
sample-01147,2026-06-15,2026-06-15,1
sample-01148,2026-06-06,2026-06-06,1
sample-01149,2026-06-25,2026-07-29,3
sample-01150,2026-04-29,2026-05-30,3
sample-01151,2026-05-15,2026-05-15,1
sample-01152,2026-05-06,2026-05-28,5
sample-01153,2026-07-02,2026-07-02,1
sample-01154,2026-04-21,2026-05-30,2
sample-01155,2026-05-24,2026-05-24,1
sample-01156,2026-03-30,2026-03-30,1
sample-01157,2026-06-25,2026-06-25,1
sample-01158,2026-04-30,2026-04-30,1
sample-01159,2026-04-25,2026-05-22,2
sample-01160,2026-05-24,2026-05-24,1
sample-01161,2026-05-14,2026-06-17,3
sample-01162,2026-06-24,2026-06-24,1
sample-01163,2026-05-18,2026-05-18,1
sample-01164,2026-05-16,2026-05-16,1
sample-01165,2026-03-28,2026-03-28,1
sample-01166,2026-03-18,2026-03-18,1
sample-01167,2026-05-02,2026-05-02,1
sample-01168,2026-07-12,2026-07-12,1
sample-01169,2026-07-03,2026-07-03,1
sample-01170,2026-05-29,2026-05-29,1
sample-01171,2026-05-30,2026-07-01,5
sample-01172,2026-05-01,2026-05-01,1
sample-01173,2026-04-06,2026-04-06,1
sample-01174,2026-03-17,2026-04-22,5
sample-01175,2026-04-25,2026-05-19,5
sample-01176,2026-04-22,2026-04-22,1
sample-01177,2026-04-07,2026-04-07,1
sample-01178,2026-04-15,2026-04-15,1
sample-01179,2026-03-18,2026-04-25,4
sample-01180,2026-05-27,2026-05-27,1
sample-01181,2026-07-04,2026-08-05,2
sample-01182,2026-06-06,2026-07-01,4
sample-01183,2026-05-08,2026-06-16,5
sample-01184,2026-05-05,2026-05-05,1
sample-01185,2026-04-21,2026-04-21,1
sample-01186,2026-04-01,2026-04-01,1
sample-01187,2026-05-26,2026-05-26,1
sample-01188,2026-05-22,2026-05-22,1
sample-01189,2026-03-16,2026-04-11,3
sample-01190,2026-05-04,2026-06-15,5
sample-01191,2026-04-18,2026-04-18,1
sample-01192,2026-04-05,2026-04-05,1
sample-01193,2026-06-07,2026-06-07,1
sample-01194,2026-05-17,2026-07-15,4
sample-01195,2026-05-30,2026-05-30,1
sample-01196,2026-06-08,2026-06-08,1
sample-01197,2026-07-10,2026-07-10,1
sample-01198,2026-06-19,2026-07-26,3
sample-01199,2026-05-28,2026-06-19,3
sample-01200,2026-06-28,2026-06-28,1
sample-01201,2026-05-11,2026-06-30,4
sample-01202,2026-07-11,2026-08-11,2
sample-01203,2026-06-14,2026-07-07,2
sample-01204,2026-06-01,2026-06-01,1
sample-01205,2026-07-01,2026-08-17,3
sample-01206,2026-05-16,2026-05-16,1
sample-01207,2026-06-09,2026-06-09,1
sample-01208,2026-04-18,2026-04-18,1
sample-01209,2026-07-08,2026-07-08,1
sample-01210,2026-05-29,2026-05-29,1
sample-01211,2026-06-17,2026-06-17,1
sample-01212,2026-05-09,2026-05-09,1
sample-01213,2026-06-27,2026-06-27,1
sample-01214,2026-03-24,2026-03-24,1
sample-01215,2026-03-29,2026-04-23,5
sample-01216,2026-05-15,2026-05-15,1
sample-01217,2026-06-11,2026-06-11,1
sample-01218,2026-06-20,2026-07-15,3
sample-01219,2026-05-07,2026-06-10,4
sample-01220,2026-06-01,2026-07-28,2
sample-01221,2026-05-20,2026-05-20,1
sample-01222,2026-07-08,2026-07-08,1
sample-01223,2026-06-01,2026-06-01,1
sample-01224,2026-05-04,2026-06-20,4
sample-01225,2026-07-09,2026-07-09,1
sample-01226,2026-03-28,2026-05-13,3
sample-01227,2026-07-11,2026-07-11,1
sample-01228,2026-04-03,2026-04-03,1
sample-01229,2026-04-19,2026-04-19,1
sample-01230,2026-06-21,2026-07-31,5
sample-01231,2026-06-11,2026-06-11,1
sample-01232,2026-07-09,2026-07-09,1
sample-01233,2026-06-13,2026-06-13,1
sample-01234,2026-05-30,2026-05-30,1
sample-01235,2026-04-26,2026-04-26,1
sample-01236,2026-03-16,2026-05-05,4
sample-01237,2026-03-30,2026-03-30,1
sample-01238,2026-04-20,2026-04-20,1
sample-01239,2026-03-20,2026-04-18,5
sample-01240,2026-05-15,2026-05-29,3
sample-01241,2026-06-16,2026-07-30,4
sample-01242,2026-07-08,2026-07-08,1
sample-01243,2026-05-13,2026-05-13,1
sample-01244,2026-06-28,2026-06-28,1
sample-01245,2026-07-11,2026-07-31,5
sample-01246,2026-06-26,2026-06-26,1
sample-01247,2026-05-10,2026-05-10,1
sample-01248,2026-04-23,2026-04-23,1
sample-01249,2026-07-10,2026-08-05,3
sample-01250,2026-04-13,2026-04-13,1
sample-01251,2026-05-03,2026-05-03,1
sample-01252,2026-03-24,2026-03-24,1
sample-01253,2026-06-18,2026-06-18,1
sample-01254,2026-06-01,2026-06-20,2
sample-01255,2026-03-26,2026-03-26,1
sample-01256,2026-04-11,2026-04-11,1
sample-01257,2026-05-21,2026-05-21,1
sample-01258,2026-05-19,2026-07-02,5
sample-01259,2026-06-19,2026-06-19,1
sample-01260,2026-04-16,2026-04-16,1
sample-01261,2026-07-04,2026-07-04,1
sample-01262,2026-05-07,2026-05-07,1
sample-01263,2026-06-21,2026-06-21,1
sample-01264,2026-04-13,2026-04-13,1
sample-01265,2026-03-20,2026-03-20,1
sample-01266,2026-03-22,2026-03-22,1
sample-01267,2026-04-29,2026-06-01,4
sample-01268,2026-07-07,2026-07-07,1
sample-01269,2026-03-21,2026-04-20,4
sample-01270,2026-04-28,2026-04-28,1
sample-01271,2026-03-29,2026-03-29,1
sample-01272,2026-07-04,2026-07-04,1
sample-01273,2026-06-04,2026-06-04,1
sample-01274,2026-06-14,2026-07-23,2
sample-01275,2026-06-08,2026-06-08,1
sample-01276,2026-06-02,2026-06-02,1
sample-01277,2026-06-16,2026-06-16,1
sample-01278,2026-03-16,2026-04-26,4
sample-01279,2026-06-26,2026-06-26,1
sample-01280,2026-06-12,2026-07-22,2
sample-01281,2026-06-11,2026-06-11,1
sample-01282,2026-05-01,2026-06-17,4
sample-01283,2026-06-19,2026-06-19,1
sample-01284,2026-04-30,2026-05-22,5
sample-01285,2026-03-21,2026-03-21,1
sample-01286,2026-07-02,2026-07-02,1
sample-01287,2026-04-12,2026-05-13,4
sample-01288,2026-03-28,2026-03-28,1
sample-01289,2026-05-29,2026-07-17,5
sample-01290,2026-04-12,2026-04-12,1
sample-01291,2026-06-26,2026-06-26,1
sample-01292,2026-05-07,2026-05-07,1
sample-01293,2026-03-16,2026-03-16,1
sample-01294,2026-07-07,2026-08-23,3
sample-01295,2026-05-16,2026-05-16,1
sample-01296,2026-04-16,2026-04-16,1
sample-01297,2026-06-04,2026-07-11,3
sample-01298,2026-05-18,2026-05-18,1
sample-01299,2026-03-19,2026-04-24,3
sample-01300,2026-06-14,2026-06-14,1
sample-01301,2026-05-02,2026-05-27,4
sample-01302,2026-06-07,2026-06-07,1
sample-01303,2026-06-30,2026-07-12,5
sample-01304,2026-05-27,2026-07-04,4
sample-01305,2026-06-03,2026-07-18,3
sample-01306,2026-04-15,2026-05-27,5
sample-01307,2026-04-13,2026-04-13,1
sample-01308,2026-05-04,2026-05-04,1
sample-01309,2026-06-25,2026-08-12,4
sample-01310,2026-05-17,2026-06-06,2
sample-01311,2026-04-26,2026-04-26,1
sample-01312,2026-06-16,2026-08-02,4
sample-01313,2026-06-25,2026-06-25,1
sample-01314,2026-07-01,2026-07-01,1
sample-01315,2026-04-20,2026-04-20,1
sample-01316,2026-06-08,2026-07-08,5
sample-01317,2026-05-25,2026-06-24,3
sample-01318,2026-05-08,2026-05-08,1
sample-01319,2026-05-02,2026-05-02,1
sample-01320,2026-03-29,2026-04-19,4
sample-01321,2026-04-17,2026-04-17,1
sample-01322,2026-05-20,2026-05-20,1
sample-01323,2026-06-29,2026-06-29,1
sample-01324,2026-06-27,2026-06-27,1
sample-01325,2026-04-07,2026-04-07,1
sample-01326,2026-06-04,2026-06-04,1
sample-01327,2026-03-26,2026-05-06,2
sample-01328,2026-06-04,2026-06-04,1
sample-01329,2026-04-25,2026-04-25,1
sample-01330,2026-05-08,2026-05-08,1
sample-01331,2026-06-09,2026-07-12,4
sample-01332,2026-05-05,2026-05-05,1
sample-01333,2026-06-20,2026-06-20,1
sample-01334,2026-05-18,2026-05-18,1
sample-01335,2026-07-12,2026-07-28,5
sample-01336,2026-05-30,2026-06-27,3
sample-01337,2026-04-20,2026-04-20,1
sample-01338,2026-06-16,2026-06-16,1
sample-01339,2026-05-03,2026-05-03,1
sample-01340,2026-05-18,2026-05-18,1
sample-01341,2026-04-01,2026-04-29,4
sample-01342,2026-03-30,2026-05-09,4
sample-01343,2026-05-23,2026-05-23,1
sample-01344,2026-04-07,2026-04-07,1
sample-01345,2026-07-12,2026-08-12,2
sample-01346,2026-06-25,2026-06-25,1
sample-01347,2026-06-07,2026-07-03,4
sample-01348,2026-06-11,2026-06-11,1
sample-01349,2026-05-25,2026-05-25,1
sample-01350,2026-03-23,2026-03-24,4
sample-01351,2026-05-01,2026-05-01,1
sample-01352,2026-05-14,2026-05-14,1
sample-01353,2026-07-02,2026-07-21,2
sample-01354,2026-04-11,2026-05-23,3
sample-01355,2026-05-14,2026-05-14,1
sample-01356,2026-04-25,2026-06-04,2
sample-01357,2026-03-31,2026-03-31,1
sample-01358,2026-03-28,2026-03-28,1
sample-01359,2026-04-28,2026-04-28,1
sample-01360,2026-03-25,2026-03-25,1
sample-01361,2026-03-23,2026-04-25,2
sample-01362,2026-04-26,2026-04-26,1
sample-01363,2026-04-09,2026-04-09,1
sample-01364,2026-05-21,2026-05-21,1
sample-01365,2026-03-18,2026-04-28,4
sample-01366,2026-04-20,2026-04-20,1
sample-01367,2026-05-08,2026-06-10,5
sample-01368,2026-07-08,2026-07-08,1
sample-01369,2026-05-30,2026-05-30,1
sample-01370,2026-06-28,2026-07-27,2
sample-01371,2026-04-25,2026-04-25,1
sample-01372,2026-05-08,2026-06-09,3
sample-01373,2026-05-05,2026-05-05,1
sample-01374,2026-06-29,2026-07-20,2
sample-01375,2026-07-08,2026-07-08,1
sample-01376,2026-07-08,2026-07-08,1
sample-01377,2026-06-13,2026-06-13,1
sample-01378,2026-05-14,2026-05-14,1
sample-01379,2026-05-19,2026-05-19,1
sample-01380,2026-07-10,2026-07-10,1
sample-01381,2026-04-18,2026-05-07,3
sample-01382,2026-04-26,2026-06-22,5
sample-01383,2026-06-30,2026-06-30,1
sample-01384,2026-04-30,2026-04-30,1
sample-01385,2026-04-12,2026-04-12,1
sample-01386,2026-05-21,2026-05-21,1
sample-01387,2026-04-23,2026-04-23,1
sample-01388,2026-06-30,2026-06-30,1
sample-01389,2026-07-02,2026-07-02,1
sample-01390,2026-04-21,2026-04-21,1
sample-01391,2026-05-18,2026-06-19,4
sample-01392,2026-07-11,2026-07-11,1
sample-01393,2026-06-12,2026-07-18,2
sample-01394,2026-04-10,2026-04-10,1
sample-01395,2026-05-25,2026-05-25,1
sample-01396,2026-05-28,2026-05-28,1
sample-01397,2026-06-01,2026-06-01,1
sample-01398,2026-03-18,2026-03-18,1
sample-01399,2026-04-20,2026-04-20,1
sample-01400,2026-06-25,2026-07-25,4
sample-01401,2026-04-13,2026-05-16,2
sample-01402,2026-04-20,2026-04-20,1
sample-01403,2026-04-23,2026-04-23,1
sample-01404,2026-04-06,2026-04-06,1
sample-01405,2026-04-03,2026-04-03,1
sample-01406,2026-04-26,2026-04-26,1
sample-01407,2026-06-28,2026-06-28,1
sample-01408,2026-03-16,2026-03-16,1
sample-01409,2026-04-18,2026-04-18,1
sample-01410,2026-03-23,2026-04-30,3
sample-01411,2026-05-21,2026-05-21,1
sample-01412,2026-04-14,2026-05-14,4
sample-01413,2026-06-18,2026-06-18,1
sample-01414,2026-05-24,2026-05-24,1
sample-01415,2026-06-17,2026-06-17,1
sample-01416,2026-05-30,2026-05-30,1
sample-01417,2026-05-07,2026-05-07,1
sample-01418,2026-06-26,2026-06-26,1
sample-01419,2026-05-11,2026-05-11,1
sample-01420,2026-07-07,2026-07-07,1
sample-01421,2026-07-12,2026-07-12,1
sample-01422,2026-05-25,2026-05-25,1
sample-01423,2026-06-04,2026-06-04,1
sample-01424,2026-04-15,2026-05-31,2
sample-01425,2026-06-20,2026-06-20,1
sample-01426,2026-06-03,2026-06-30,3
sample-01427,2026-07-01,2026-07-01,1
sample-01428,2026-04-16,2026-04-16,1
sample-01429,2026-06-17,2026-07-18,3
sample-01430,2026-05-10,2026-05-10,1
sample-01431,2026-04-07,2026-04-07,1
sample-01432,2026-04-05,2026-06-25,4
sample-01433,2026-05-21,2026-06-04,5
sample-01434,2026-04-23,2026-05-11,2
sample-01435,2026-03-28,2026-03-30,4
sample-01436,2026-05-05,2026-05-05,1
sample-01437,2026-06-01,2026-06-01,1
sample-01438,2026-04-22,2026-04-22,1
sample-01439,2026-07-07,2026-07-07,1
sample-01440,2026-06-16,2026-06-16,1
sample-01441,2026-05-16,2026-06-17,4
sample-01442,2026-07-05,2026-08-07,4
sample-01443,2026-05-06,2026-05-06,1
sample-01444,2026-04-01,2026-04-01,1
sample-01445,2026-03-20,2026-03-20,1
sample-01446,2026-07-05,2026-07-05,1
sample-01447,2026-07-08,2026-07-08,1
sample-01448,2026-06-11,2026-06-11,1
sample-01449,2026-03-28,2026-03-28,1
sample-01450,2026-04-19,2026-04-19,1
sample-01451,2026-03-20,2026-03-20,1
sample-01452,2026-03-22,2026-03-22,1
sample-01453,2026-04-14,2026-04-14,1
sample-01454,2026-05-23,2026-07-12,3
sample-01455,2026-03-23,2026-03-23,1
sample-01456,2026-07-11,2026-07-11,1
sample-01457,2026-05-09,2026-06-06,3
sample-01458,2026-04-16,2026-04-16,1
sample-01459,2026-05-16,2026-05-16,1
sample-01460,2026-06-18,2026-06-18,1
sample-01461,2026-04-22,2026-04-22,1
sample-01462,2026-03-21,2026-03-21,1
sample-01463,2026-03-22,2026-05-03,2
sample-01464,2026-06-25,2026-07-26,4
sample-01465,2026-03-29,2026-03-29,1
sample-01466,2026-05-30,2026-06-16,3
sample-01467,2026-04-30,2026-04-30,1
sample-01468,2026-06-16,2026-06-16,1
sample-01469,2026-03-23,2026-04-23,5
sample-01470,2026-06-30,2026-07-28,3
sample-01471,2026-06-07,2026-06-07,1
sample-01472,2026-05-08,2026-05-08,1
sample-01473,2026-04-09,2026-04-09,1
sample-01474,2026-07-10,2026-07-10,1
sample-01475,2026-04-20,2026-05-06,3
sample-01476,2026-05-13,2026-05-13,1
sample-01477,2026-05-01,2026-05-01,1
sample-01478,2026-04-12,2026-05-17,2
sample-01479,2026-05-04,2026-05-04,1
sample-01480,2026-04-03,2026-04-03,1
sample-01481,2026-03-16,2026-03-16,1
sample-01482,2026-04-19,2026-05-10,5
sample-01483,2026-03-29,2026-03-29,1
sample-01484,2026-05-04,2026-06-11,3
sample-01485,2026-06-26,2026-06-26,1
sample-01486,2026-04-04,2026-04-04,1
sample-01487,2026-03-16,2026-03-16,1
sample-01488,2026-03-29,2026-05-20,3
sample-01489,2026-05-15,2026-05-15,1
sample-01490,2026-04-17,2026-04-17,1
sample-01491,2026-05-13,2026-06-20,5
sample-01492,2026-03-19,2026-04-24,5
sample-01493,2026-04-24,2026-04-24,1
sample-01494,2026-05-03,2026-05-03,1
sample-01495,2026-05-06,2026-05-06,1
sample-01496,2026-05-20,2026-05-20,1
sample-01497,2026-06-16,2026-06-16,1
sample-01498,2026-05-10,2026-05-10,1
sample-01499,2026-06-24,2026-08-01,2
sample-01500,2026-05-18,2026-05-18,1
sample-01501,2026-04-15,2026-05-25,4
sample-01502,2026-04-12,2026-04-12,1
sample-01503,2026-04-23,2026-04-23,1
sample-01504,2026-05-26,2026-05-26,1
sample-01505,2026-04-13,2026-04-13,1
sample-01506,2026-07-02,2026-07-02,1
sample-01507,2026-05-12,2026-05-12,1
sample-01508,2026-06-26,2026-06-26,1
sample-01509,2026-06-05,2026-06-05,1
sample-01510,2026-04-24,2026-04-24,1
sample-01511,2026-04-12,2026-04-12,1
sample-01512,2026-06-12,2026-06-12,1
sample-01513,2026-04-24,2026-04-24,1
sample-01514,2026-04-14,2026-04-14,1
sample-01515,2026-07-04,2026-07-04,1
sample-01516,2026-05-12,2026-05-12,1
sample-01517,2026-03-21,2026-03-21,1
sample-01518,2026-05-13,2026-05-13,1
sample-01519,2026-05-09,2026-05-09,1
sample-01520,2026-06-26,2026-06-26,1
sample-01521,2026-06-08,2026-06-08,1
sample-01522,2026-04-07,2026-04-07,1
sample-01523,2026-04-02,2026-04-02,1
sample-01524,2026-05-26,2026-07-09,3
sample-01525,2026-03-21,2026-03-21,1
sample-01526,2026-04-22,2026-05-18,5
sample-01527,2026-04-01,2026-04-01,1
sample-01528,2026-03-18,2026-03-18,1
sample-01529,2026-07-03,2026-07-03,1
sample-01530,2026-03-26,2026-03-26,1
sample-01531,2026-03-17,2026-03-17,1
sample-01532,2026-07-05,2026-08-25,3
sample-01533,2026-04-07,2026-04-07,1
sample-01534,2026-06-21,2026-07-30,3
sample-01535,2026-03-19,2026-03-19,1
sample-01536,2026-04-03,2026-04-03,1
sample-01537,2026-03-29,2026-05-11,3
sample-01538,2026-06-08,2026-06-08,1
sample-01539,2026-05-28,2026-05-28,1
sample-01540,2026-05-11,2026-07-11,5
sample-01541,2026-04-13,2026-04-13,1
sample-01542,2026-03-26,2026-03-26,1
sample-01543,2026-05-22,2026-06-30,4
sample-01544,2026-04-12,2026-04-12,1
sample-01545,2026-05-25,2026-05-25,1
sample-01546,2026-06-05,2026-07-30,5
sample-01547,2026-06-25,2026-06-25,1
sample-01548,2026-05-13,2026-05-13,1
sample-01549,2026-03-16,2026-04-24,5
sample-01550,2026-04-18,2026-04-18,1
sample-01551,2026-06-25,2026-06-25,1
sample-01552,2026-05-18,2026-05-18,1
sample-01553,2026-05-28,2026-05-28,1
sample-01554,2026-05-09,2026-05-09,1
sample-01555,2026-04-04,2026-04-04,1
sample-01556,2026-06-30,2026-08-03,5
sample-01557,2026-06-15,2026-06-15,1
sample-01558,2026-07-12,2026-07-12,1
sample-01559,2026-06-25,2026-06-25,1
sample-01560,2026-04-19,2026-04-19,1
sample-01561,2026-04-15,2026-04-15,1
sample-01562,2026-04-14,2026-04-14,1
sample-01563,2026-07-03,2026-07-03,1
sample-01564,2026-05-21,2026-06-14,4
sample-01565,2026-05-09,2026-05-09,1
sample-01566,2026-07-09,2026-08-27,5
sample-01567,2026-05-26,2026-05-26,1
sample-01568,2026-07-02,2026-07-20,3
sample-01569,2026-07-11,2026-07-11,1
sample-01570,2026-03-25,2026-03-25,1
sample-01571,2026-04-28,2026-04-28,1
sample-01572,2026-06-11,2026-06-11,1
sample-01573,2026-06-20,2026-06-20,1
sample-01574,2026-04-02,2026-05-24,4
sample-01575,2026-04-22,2026-04-22,1
sample-01576,2026-05-20,2026-05-20,1
sample-01577,2026-06-19,2026-06-19,1
sample-01578,2026-03-29,2026-05-09,5
sample-01579,2026-05-26,2026-05-26,1
sample-01580,2026-04-20,2026-04-20,1
sample-01581,2026-04-10,2026-04-10,1
sample-01582,2026-05-16,2026-07-03,4
sample-01583,2026-05-04,2026-05-04,1
sample-01584,2026-05-30,2026-05-30,1
sample-01585,2026-04-22,2026-04-22,1
sample-01586,2026-06-21,2026-06-21,1
sample-01587,2026-03-25,2026-04-28,3
sample-01588,2026-06-26,2026-06-26,1
sample-01589,2026-03-19,2026-04-21,4
sample-01590,2026-06-11,2026-07-14,5
sample-01591,2026-04-26,2026-04-26,1
sample-01592,2026-04-30,2026-04-30,1
sample-01593,2026-03-18,2026-04-18,3
sample-01594,2026-06-07,2026-06-07,1
sample-01595,2026-04-04,2026-04-04,1
sample-01596,2026-06-02,2026-06-02,1
sample-01597,2026-06-10,2026-07-17,2
sample-01598,2026-06-24,2026-07-24,4
sample-01599,2026-06-08,2026-06-08,1
sample-01600,2026-04-20,2026-04-20,1
sample-01601,2026-06-11,2026-06-11,1
sample-01602,2026-06-22,2026-06-22,1
sample-01603,2026-04-22,2026-04-22,1
sample-01604,2026-03-30,2026-03-30,1
sample-01605,2026-06-29,2026-08-13,3
sample-01606,2026-04-02,2026-04-02,1
sample-01607,2026-05-25,2026-05-25,1
sample-01608,2026-04-13,2026-04-13,1
sample-01609,2026-03-30,2026-04-28,2
sample-01610,2026-06-16,2026-06-16,1
sample-01611,2026-04-02,2026-04-02,1
sample-01612,2026-06-03,2026-07-11,3
sample-01613,2026-06-06,2026-06-06,1
sample-01614,2026-03-23,2026-03-23,1
sample-01615,2026-04-05,2026-04-05,1
sample-01616,2026-06-18,2026-06-18,1
sample-01617,2026-05-15,2026-05-15,1
sample-01618,2026-03-30,2026-03-30,1
sample-01619,2026-07-12,2026-07-12,1
sample-01620,2026-04-16,2026-06-09,5
sample-01621,2026-03-16,2026-04-06,2
sample-01622,2026-07-03,2026-07-30,4
sample-01623,2026-03-17,2026-03-17,1
sample-01624,2026-05-20,2026-06-28,3
sample-01625,2026-07-12,2026-07-12,1
sample-01626,2026-05-23,2026-05-23,1
sample-01627,2026-05-24,2026-05-24,1
sample-01628,2026-05-01,2026-05-01,1
sample-01629,2026-03-31,2026-05-09,3
sample-01630,2026-05-23,2026-07-05,3
sample-01631,2026-06-30,2026-06-30,1
sample-01632,2026-03-26,2026-03-26,1
sample-01633,2026-06-28,2026-06-28,1
sample-01634,2026-05-04,2026-05-04,1
sample-01635,2026-05-18,2026-05-18,1
sample-01636,2026-04-04,2026-04-04,1
sample-01637,2026-05-28,2026-07-03,3
sample-01638,2026-04-06,2026-04-06,1
sample-01639,2026-04-17,2026-04-17,1
sample-01640,2026-06-09,2026-06-09,1
sample-01641,2026-03-22,2026-03-22,1
sample-01642,2026-05-08,2026-05-08,1
sample-01643,2026-05-25,2026-05-25,1
sample-01644,2026-03-31,2026-03-31,1
sample-01645,2026-04-20,2026-04-20,1
sample-01646,2026-04-25,2026-04-25,1
sample-01647,2026-06-02,2026-06-02,1
sample-01648,2026-07-10,2026-07-10,1
sample-01649,2026-06-23,2026-08-08,2
sample-01650,2026-04-07,2026-04-07,1
sample-01651,2026-03-18,2026-03-18,1
sample-01652,2026-03-22,2026-03-22,1
sample-01653,2026-05-25,2026-05-25,1
sample-01654,2026-04-03,2026-04-03,1
sample-01655,2026-04-12,2026-04-12,1
sample-01656,2026-06-24,2026-07-04,3
sample-01657,2026-06-27,2026-08-06,4
sample-01658,2026-06-23,2026-06-23,1
sample-01659,2026-04-15,2026-04-15,1
sample-01660,2026-05-28,2026-05-28,1
sample-01661,2026-05-27,2026-06-25,2
sample-01662,2026-04-07,2026-04-07,1
sample-01663,2026-05-20,2026-07-05,5
sample-01664,2026-05-17,2026-05-17,1
sample-01665,2026-05-02,2026-05-02,1
sample-01666,2026-06-13,2026-06-13,1
sample-01667,2026-06-04,2026-06-04,1
sample-01668,2026-05-18,2026-05-18,1
sample-01669,2026-06-10,2026-06-10,1
sample-01670,2026-06-14,2026-06-14,1
sample-01671,2026-05-22,2026-05-22,1
sample-01672,2026-04-16,2026-05-21,5
sample-01673,2026-06-14,2026-06-14,1
sample-01674,2026-06-09,2026-06-09,1
sample-01675,2026-07-11,2026-07-11,1
sample-01676,2026-04-02,2026-05-08,2
sample-01677,2026-05-04,2026-05-04,1
sample-01678,2026-07-03,2026-07-03,1
sample-01679,2026-05-16,2026-05-22,2
sample-01680,2026-07-06,2026-07-06,1
sample-01681,2026-03-17,2026-03-17,1
sample-01682,2026-03-20,2026-03-20,1
sample-01683,2026-06-18,2026-07-22,4
sample-01684,2026-04-27,2026-04-27,1
sample-01685,2026-05-16,2026-05-16,1
sample-01686,2026-05-05,2026-05-28,4
sample-01687,2026-05-03,2026-05-03,1
sample-01688,2026-07-05,2026-07-27,2
sample-01689,2026-03-27,2026-04-24,2
sample-01690,2026-06-15,2026-06-15,1
sample-01691,2026-06-29,2026-08-07,2
sample-01692,2026-06-02,2026-06-02,1
sample-01693,2026-05-02,2026-05-02,1
sample-01694,2026-04-04,2026-04-04,1
sample-01695,2026-06-05,2026-06-05,1
sample-01696,2026-05-10,2026-06-17,5
sample-01697,2026-04-02,2026-05-03,2
sample-01698,2026-04-27,2026-04-27,1
sample-01699,2026-07-08,2026-08-29,2
sample-01700,2026-04-16,2026-04-16,1
sample-01701,2026-04-06,2026-04-06,1
sample-01702,2026-06-05,2026-06-05,1
sample-01703,2026-04-08,2026-04-08,1
sample-01704,2026-07-03,2026-07-31,5
sample-01705,2026-06-26,2026-08-06,3
sample-01706,2026-07-11,2026-07-31,3
sample-01707,2026-07-02,2026-07-02,1
sample-01708,2026-04-14,2026-04-14,1
sample-01709,2026-04-10,2026-05-08,3
sample-01710,2026-04-25,2026-04-25,1
sample-01711,2026-05-10,2026-05-10,1
sample-01712,2026-06-28,2026-06-28,1
sample-01713,2026-06-11,2026-07-31,2
sample-01714,2026-05-31,2026-05-31,1
sample-01715,2026-06-28,2026-06-28,1
sample-01716,2026-05-31,2026-05-31,1
sample-01717,2026-04-30,2026-04-30,1
sample-01718,2026-05-04,2026-05-31,5
sample-01719,2026-05-16,2026-05-16,1
sample-01720,2026-03-26,2026-03-26,1
sample-01721,2026-06-12,2026-06-18,5
sample-01722,2026-06-01,2026-06-15,3
sample-01723,2026-06-11,2026-06-11,1
sample-01724,2026-05-18,2026-05-18,1
sample-01725,2026-06-17,2026-06-18,4
sample-01726,2026-07-07,2026-07-07,1
sample-01727,2026-05-22,2026-05-22,1
sample-01728,2026-05-07,2026-05-07,1
sample-01729,2026-03-28,2026-03-28,1
sample-01730,2026-06-16,2026-06-16,1
sample-01731,2026-07-01,2026-07-01,1
sample-01732,2026-06-07,2026-06-07,1
sample-01733,2026-06-27,2026-06-27,1
sample-01734,2026-06-26,2026-07-28,2
sample-01735,2026-06-18,2026-06-18,1
sample-01736,2026-05-14,2026-05-14,1
sample-01737,2026-03-27,2026-03-27,1
sample-01738,2026-03-16,2026-03-16,1
sample-01739,2026-04-09,2026-05-04,2
sample-01740,2026-05-06,2026-05-06,1
sample-01741,2026-06-12,2026-06-12,1
sample-01742,2026-05-09,2026-05-09,1
sample-01743,2026-03-18,2026-03-18,1
sample-01744,2026-04-10,2026-04-10,1
sample-01745,2026-07-10,2026-07-10,1
sample-01746,2026-07-11,2026-07-11,1
sample-01747,2026-04-29,2026-04-29,1
sample-01748,2026-06-19,2026-06-19,1
sample-01749,2026-06-09,2026-06-09,1
sample-01750,2026-07-04,2026-08-17,5
sample-01751,2026-06-29,2026-08-05,5
sample-01752,2026-05-29,2026-05-29,1
sample-01753,2026-05-01,2026-05-01,1
sample-01754,2026-05-29,2026-07-29,5
sample-01755,2026-04-22,2026-04-22,1
sample-01756,2026-04-26,2026-04-26,1
sample-01757,2026-05-27,2026-05-27,1
sample-01758,2026-05-22,2026-07-06,5
sample-01759,2026-05-24,2026-05-24,1
sample-01760,2026-04-30,2026-04-30,1
sample-01761,2026-05-03,2026-06-23,3
sample-01762,2026-03-17,2026-03-17,1
sample-01763,2026-05-26,2026-05-26,1
sample-01764,2026-05-23,2026-05-23,1
sample-01765,2026-07-05,2026-07-05,1
sample-01766,2026-05-15,2026-05-15,1
sample-01767,2026-05-10,2026-05-10,1
sample-01768,2026-03-24,2026-03-24,1
sample-01769,2026-04-08,2026-04-08,1
sample-01770,2026-04-25,2026-04-25,1
sample-01771,2026-04-29,2026-04-29,1
sample-01772,2026-04-28,2026-04-28,1
sample-01773,2026-05-01,2026-05-01,1
sample-01774,2026-06-15,2026-06-15,1
sample-01775,2026-03-31,2026-03-31,1
sample-01776,2026-04-24,2026-04-24,1
sample-01777,2026-04-04,2026-04-04,1
sample-01778,2026-04-21,2026-04-21,1
sample-01779,2026-06-05,2026-06-05,1
sample-01780,2026-03-21,2026-03-21,1
sample-01781,2026-04-25,2026-04-25,1
sample-01782,2026-03-18,2026-03-18,1
sample-01783,2026-07-07,2026-08-18,2
sample-01784,2026-06-10,2026-06-10,1
sample-01785,2026-04-13,2026-04-13,1
sample-01786,2026-04-08,2026-06-03,2
sample-01787,2026-03-27,2026-03-27,1
sample-01788,2026-05-11,2026-05-11,1
sample-01789,2026-06-13,2026-06-13,1
sample-01790,2026-05-24,2026-07-12,5
sample-01791,2026-06-28,2026-06-28,1
sample-01792,2026-04-25,2026-04-25,1
sample-01793,2026-04-18,2026-04-18,1
sample-01794,2026-05-11,2026-05-11,1
sample-01795,2026-04-09,2026-06-03,4
sample-01796,2026-07-10,2026-07-10,1
sample-01797,2026-04-07,2026-04-07,1
sample-01798,2026-05-11,2026-05-11,1
sample-01799,2026-05-17,2026-05-17,1
sample-01800,2026-03-22,2026-03-22,1
sample-01801,2026-05-10,2026-05-10,1
sample-01802,2026-05-09,2026-05-09,1
sample-01803,2026-04-15,2026-05-28,5
sample-01804,2026-03-31,2026-03-31,1
sample-01805,2026-03-21,2026-03-21,1
sample-01806,2026-03-17,2026-03-17,1
sample-01807,2026-05-12,2026-05-12,1
sample-01808,2026-03-26,2026-03-26,1
sample-01809,2026-07-08,2026-08-30,4
sample-01810,2026-04-14,2026-04-14,1
sample-01811,2026-06-01,2026-06-29,4
sample-01812,2026-06-04,2026-06-04,1
sample-01813,2026-05-13,2026-06-23,5
sample-01814,2026-06-29,2026-06-29,1
sample-01815,2026-03-29,2026-03-29,1
sample-01816,2026-04-12,2026-05-15,4
sample-01817,2026-04-15,2026-04-15,1
sample-01818,2026-04-01,2026-04-01,1
sample-01819,2026-04-20,2026-04-20,1
sample-01820,2026-04-22,2026-06-11,4
sample-01821,2026-06-15,2026-06-15,1
sample-01822,2026-04-20,2026-04-20,1
sample-01823,2026-06-28,2026-06-28,1
sample-01824,2026-06-15,2026-06-15,1
sample-01825,2026-07-01,2026-07-01,1
sample-01826,2026-03-28,2026-03-28,1
sample-01827,2026-07-11,2026-07-11,1
sample-01828,2026-05-28,2026-05-28,1
sample-01829,2026-07-10,2026-08-01,2
sample-01830,2026-04-27,2026-04-27,1
sample-01831,2026-07-07,2026-07-27,2
sample-01832,2026-05-25,2026-05-25,1
sample-01833,2026-03-24,2026-03-24,1
sample-01834,2026-05-03,2026-05-03,1
sample-01835,2026-04-01,2026-04-01,1
sample-01836,2026-07-06,2026-08-13,5
sample-01837,2026-04-21,2026-04-21,1
sample-01838,2026-04-11,2026-04-11,1
sample-01839,2026-05-20,2026-07-11,4
sample-01840,2026-05-05,2026-05-05,1
sample-01841,2026-03-27,2026-03-27,1
sample-01842,2026-06-21,2026-06-21,1
sample-01843,2026-06-24,2026-07-27,3
sample-01844,2026-06-12,2026-06-12,1
sample-01845,2026-05-28,2026-07-08,4
sample-01846,2026-05-02,2026-05-26,4
sample-01847,2026-05-19,2026-05-19,1
sample-01848,2026-05-16,2026-05-16,1
sample-01849,2026-04-04,2026-05-03,2
sample-01850,2026-03-25,2026-03-25,1
sample-01851,2026-04-15,2026-04-15,1
sample-01852,2026-05-09,2026-05-09,1
sample-01853,2026-04-04,2026-05-04,5
sample-01854,2026-03-28,2026-05-06,5
sample-01855,2026-06-25,2026-06-25,1
sample-01856,2026-04-29,2026-06-09,2
sample-01857,2026-05-24,2026-05-24,1
sample-01858,2026-05-17,2026-05-17,1
sample-01859,2026-06-11,2026-06-11,1
sample-01860,2026-06-12,2026-06-12,1
sample-01861,2026-04-20,2026-04-20,1
sample-01862,2026-06-24,2026-07-25,4
sample-01863,2026-04-29,2026-04-29,1
sample-01864,2026-06-23,2026-06-23,1
sample-01865,2026-05-03,2026-05-03,1
sample-01866,2026-03-29,2026-03-29,1
sample-01867,2026-06-14,2026-06-14,1
sample-01868,2026-03-19,2026-03-19,1
sample-01869,2026-06-15,2026-06-15,1
sample-01870,2026-03-21,2026-03-21,1
sample-01871,2026-04-09,2026-04-09,1
sample-01872,2026-05-26,2026-05-26,1
sample-01873,2026-07-06,2026-07-06,1
sample-01874,2026-05-03,2026-06-14,5
sample-01875,2026-03-30,2026-03-30,1
sample-01876,2026-04-12,2026-04-12,1
sample-01877,2026-06-30,2026-06-30,1
sample-01878,2026-06-10,2026-06-10,1
sample-01879,2026-03-27,2026-03-27,1
sample-01880,2026-04-30,2026-04-30,1
sample-01881,2026-04-16,2026-05-16,5
sample-01882,2026-04-06,2026-04-06,1
sample-01883,2026-06-24,2026-06-24,1
sample-01884,2026-05-28,2026-05-28,1
sample-01885,2026-04-06,2026-04-06,1
sample-01886,2026-06-01,2026-06-01,1
sample-01887,2026-05-04,2026-06-20,2
sample-01888,2026-03-23,2026-03-23,1
sample-01889,2026-05-08,2026-06-12,5
sample-01890,2026-04-07,2026-04-07,1
sample-01891,2026-04-14,2026-04-14,1
sample-01892,2026-06-28,2026-07-25,2
sample-01893,2026-06-08,2026-06-08,1
sample-01894,2026-03-31,2026-05-02,2
sample-01895,2026-06-25,2026-06-25,1
sample-01896,2026-05-23,2026-06-14,4
sample-01897,2026-06-28,2026-06-28,1
sample-01898,2026-06-12,2026-06-12,1
sample-01899,2026-04-25,2026-04-25,1
sample-01900,2026-05-18,2026-05-18,1
sample-01901,2026-05-18,2026-05-18,1
sample-01902,2026-06-09,2026-06-09,1
sample-01903,2026-04-14,2026-04-14,1
sample-01904,2026-04-24,2026-04-24,1
sample-01905,2026-04-14,2026-05-17,3
sample-01906,2026-04-20,2026-04-20,1
sample-01907,2026-04-04,2026-04-04,1
sample-01908,2026-03-20,2026-03-20,1
sample-01909,2026-07-05,2026-07-05,1
sample-01910,2026-03-24,2026-03-24,1
sample-01911,2026-06-29,2026-06-29,1
sample-01912,2026-03-16,2026-03-16,1
sample-01913,2026-06-16,2026-06-16,1
sample-01914,2026-04-24,2026-04-24,1
sample-01915,2026-05-16,2026-05-16,1
sample-01916,2026-04-18,2026-04-18,1
sample-01917,2026-05-13,2026-06-16,3
sample-01918,2026-05-08,2026-07-01,4
sample-01919,2026-05-18,2026-05-18,1
sample-01920,2026-05-01,2026-05-01,1
sample-01921,2026-05-18,2026-05-18,1
sample-01922,2026-06-22,2026-06-22,1
sample-01923,2026-05-06,2026-06-12,3
sample-01924,2026-04-28,2026-04-28,1
sample-01925,2026-03-31,2026-03-31,1
sample-01926,2026-04-27,2026-06-12,3
sample-01927,2026-03-30,2026-03-30,1
sample-01928,2026-04-06,2026-04-06,1
sample-01929,2026-07-07,2026-07-07,1
sample-01930,2026-03-26,2026-03-26,1
sample-01931,2026-05-12,2026-07-05,2
sample-01932,2026-06-23,2026-06-23,1
sample-01933,2026-07-07,2026-08-22,3
sample-01934,2026-04-02,2026-04-02,1
sample-01935,2026-04-04,2026-04-04,1
sample-01936,2026-04-29,2026-04-29,1
sample-01937,2026-05-20,2026-05-20,1
sample-01938,2026-07-08,2026-07-08,1
sample-01939,2026-04-09,2026-04-09,1
sample-01940,2026-04-04,2026-05-01,2
sample-01941,2026-04-15,2026-04-15,1
sample-01942,2026-06-28,2026-06-28,1
sample-01943,2026-03-19,2026-03-19,1
sample-01944,2026-04-30,2026-04-30,1
sample-01945,2026-03-30,2026-03-30,1
sample-01946,2026-04-03,2026-04-03,1
sample-01947,2026-07-03,2026-08-03,2
sample-01948,2026-03-16,2026-03-16,1
sample-01949,2026-04-23,2026-04-23,1
sample-01950,2026-07-02,2026-07-02,1
sample-01951,2026-05-27,2026-07-03,4
sample-01952,2026-03-24,2026-03-24,1
sample-01953,2026-05-10,2026-06-29,4
sample-01954,2026-07-09,2026-07-09,1
sample-01955,2026-05-02,2026-05-02,1
sample-01956,2026-05-17,2026-05-17,1
sample-01957,2026-05-18,2026-05-18,1
sample-01958,2026-06-02,2026-07-16,5
sample-01959,2026-04-07,2026-04-07,1
sample-01960,2026-06-23,2026-07-08,5
sample-01961,2026-07-11,2026-07-11,1
sample-01962,2026-04-01,2026-04-01,1
sample-01963,2026-06-21,2026-06-21,1
sample-01964,2026-06-21,2026-06-21,1
sample-01965,2026-06-12,2026-06-12,1
sample-01966,2026-04-29,2026-06-04,4
sample-01967,2026-05-10,2026-05-10,1
sample-01968,2026-06-23,2026-06-23,1
sample-01969,2026-04-03,2026-04-03,1
sample-01970,2026-06-22,2026-06-22,1
sample-01971,2026-07-03,2026-07-03,1
sample-01972,2026-06-05,2026-06-05,1
sample-01973,2026-04-25,2026-04-25,1
sample-01974,2026-05-21,2026-06-23,5
sample-01975,2026-03-21,2026-03-21,1
sample-01976,2026-07-04,2026-07-04,1
sample-01977,2026-04-25,2026-04-25,1
sample-01978,2026-03-22,2026-03-22,1
sample-01979,2026-06-18,2026-06-18,1
sample-01980,2026-06-02,2026-06-02,1
sample-01981,2026-05-29,2026-05-29,1
sample-01982,2026-03-22,2026-03-22,1
sample-01983,2026-06-13,2026-06-13,1
sample-01984,2026-05-30,2026-05-30,1
sample-01985,2026-06-18,2026-06-18,1
sample-01986,2026-06-22,2026-06-22,1
sample-01987,2026-04-10,2026-05-24,3
sample-01988,2026-04-10,2026-04-10,1
sample-01989,2026-07-03,2026-07-20,2
sample-01990,2026-05-18,2026-06-15,3
sample-01991,2026-05-07,2026-05-07,1
sample-01992,2026-04-19,2026-04-19,1
sample-01993,2026-05-31,2026-05-31,1
sample-01994,2026-06-13,2026-06-13,1
sample-01995,2026-03-16,2026-03-16,1
sample-01996,2026-05-20,2026-05-20,1
sample-01997,2026-07-12,2026-07-12,1
sample-01998,2026-04-18,2026-04-18,1
sample-01999,2026-04-18,2026-04-18,1
